[
  {
    "model": "core.categoria",
    "pk": 1,
    "fields": {
      "nome": "Servito",
      "descrizione": "",
      "ordine_visualizzazione": 0,
      "attiva": true
    }
  },
  {
    "model": "core.categoria",
    "pk": 2,
    "fields": {
      "nome": "Prelavaggio ed Extra",
      "descrizione": "",
      "ordine_visualizzazione": 1,
      "attiva": true
    }
  },
  {
    "model": "core.categoria",
    "pk": 3,
    "fields": {
      "nome": "Spazzole",
      "descrizione": "",
      "ordine_visualizzazione": 2,
      "attiva": true
    }
  },
  {
    "model": "core.categoria",
    "pk": 4,
    "fields": {
      "nome": "Mezzi Pesanti",
      "descrizione": "",
      "ordine_visualizzazione": 3,
      "attiva": true
    }
  },
  {
    "model": "core.categoria",
    "pk": 6,
    "fields": {
      "nome": "Delivery",
      "descrizione": "",
      "ordine_visualizzazione": 4,
      "attiva": true
    }
  },
  {
    "model": "core.categoria",
    "pk": 5,
    "fields": {
      "nome": "Prodotti",
      "descrizione": "",
      "ordine_visualizzazione": 5,
      "attiva": true
    }
  },
  {
    "model": "core.postazione",
    "pk": 3,
    "fields": {
      "nome": "Interni",
      "descrizione": "",
      "attiva": true,
      "ordine_visualizzazione": 0,
      "stampante_comande": 1
    }
  },
  {
    "model": "core.postazione",
    "pk": 5,
    "fields": {
      "nome": "Prelavaggio",
      "descrizione": "",
      "attiva": true,
      "ordine_visualizzazione": 0,
      "stampante_comande": null
    }
  },
  {
    "model": "core.postazione",
    "pk": 2,
    "fields": {
      "nome": "Spazzole",
      "descrizione": "",
      "attiva": true,
      "ordine_visualizzazione": 0,
      "stampante_comande": null
    }
  },
  {
    "model": "core.servizioprodotto",
    "pk": 34,
    "fields": {
      "titolo": "Aspirazione",
      "tipo": "servizio",
      "prezzo": 5.0,
      "categoria": 1,
      "descrizione": "Aspirazione di tutta la moquette e dei tappeti",
      "durata_minuti": 10,
      "quantita_disponibile": -1,
      "quantita_minima_alert": 0,
      "codice_prodotto": "",
      "attivo": true,
      "creato_il": "2025-07-22T16:22:56.833230+00:00",
      "aggiornato_il": "2025-07-22T16:22:56.833230+00:00",
      "postazioni": [
        3
      ]
    }
  },
  {
    "model": "core.servizioprodotto",
    "pk": 33,
    "fields": {
      "titolo": "Cruscotto e plastiche",
      "tipo": "servizio",
      "prezzo": 5.0,
      "categoria": 1,
      "descrizione": "Pulizia del cruscotto e dei pannelli",
      "durata_minuti": 10,
      "quantita_disponibile": -1,
      "quantita_minima_alert": 0,
      "codice_prodotto": "",
      "attivo": true,
      "creato_il": "2025-07-22T16:22:18.150670+00:00",
      "aggiornato_il": "2025-07-22T16:22:18.150670+00:00",
      "postazioni": [
        3
      ]
    }
  },
  {
    "model": "core.servizioprodotto",
    "pk": 4,
    "fields": {
      "titolo": "Lav. esterno manuale - Grande",
      "tipo": "servizio",
      "prezzo": 14.0,
      "categoria": 1,
      "descrizione": "Auto grande",
      "durata_minuti": 15,
      "quantita_disponibile": -1,
      "quantita_minima_alert": 0,
      "codice_prodotto": "",
      "attivo": true,
      "creato_il": "2025-07-15T18:33:01.627869+00:00",
      "aggiornato_il": "2025-07-15T18:46:58.004414+00:00",
      "postazioni": [
        3
      ]
    }
  },
  {
    "model": "core.servizioprodotto",
    "pk": 6,
    "fields": {
      "titolo": "Lav. esterno manuale - media",
      "tipo": "servizio",
      "prezzo": 13.0,
      "categoria": 1,
      "descrizione": "Auto grande",
      "durata_minuti": 20,
      "quantita_disponibile": -1,
      "quantita_minima_alert": 0,
      "codice_prodotto": "",
      "attivo": true,
      "creato_il": "2025-07-15T18:33:51.278121+00:00",
      "aggiornato_il": "2025-07-15T18:46:08.832662+00:00",
      "postazioni": [
        3
      ]
    }
  },
  {
    "model": "core.servizioprodotto",
    "pk": 5,
    "fields": {
      "titolo": "Lav. esterno manuale - piccola",
      "tipo": "servizio",
      "prezzo": 12.0,
      "categoria": 1,
      "descrizione": "Auto piccola",
      "durata_minuti": 15,
      "quantita_disponibile": -1,
      "quantita_minima_alert": 0,
      "codice_prodotto": "",
      "attivo": true,
      "creato_il": "2025-07-15T18:33:26.531390+00:00",
      "aggiornato_il": "2025-07-15T18:44:36.976126+00:00",
      "postazioni": [
        3
      ]
    }
  },
  {
    "model": "core.servizioprodotto",
    "pk": 1,
    "fields": {
      "titolo": "Lavaggio Completo - Media",
      "tipo": "servizio",
      "prezzo": 22.0,
      "categoria": 1,
      "descrizione": ".",
      "durata_minuti": 40,
      "quantita_disponibile": -1,
      "quantita_minima_alert": 0,
      "codice_prodotto": "",
      "attivo": true,
      "creato_il": "2025-07-13T17:44:05.206092+00:00",
      "aggiornato_il": "2025-07-25T06:58:39.646194+00:00",
      "postazioni": [
        3
      ]
    }
  },
  {
    "model": "core.servizioprodotto",
    "pk": 47,
    "fields": {
      "titolo": "Lavaggio completo - Grande",
      "tipo": "servizio",
      "prezzo": 25.0,
      "categoria": 1,
      "descrizione": "Veicoli maggiore di 5 posti, SUV di grosse dimensioni, Pick-UP",
      "durata_minuti": 45,
      "quantita_disponibile": -1,
      "quantita_minima_alert": 0,
      "codice_prodotto": "",
      "attivo": true,
      "creato_il": "2025-07-25T06:07:32.066875+00:00",
      "aggiornato_il": "2025-07-25T06:07:32.066875+00:00",
      "postazioni": [
        3
      ]
    }
  },
  {
    "model": "core.servizioprodotto",
    "pk": 45,
    "fields": {
      "titolo": "Lavaggio completo - Piccola",
      "tipo": "servizio",
      "prezzo": 20.0,
      "categoria": 1,
      "descrizione": "Utilitarie",
      "durata_minuti": 40,
      "quantita_disponibile": -1,
      "quantita_minima_alert": 0,
      "codice_prodotto": "",
      "attivo": true,
      "creato_il": "2025-07-23T16:18:08.400678+00:00",
      "aggiornato_il": "2025-07-25T06:06:25.230516+00:00",
      "postazioni": [
        3
      ]
    }
  },
  {
    "model": "core.servizioprodotto",
    "pk": 40,
    "fields": {
      "titolo": "Lavaggio motore",
      "tipo": "servizio",
      "prezzo": 5.0,
      "categoria": 1,
      "descrizione": "lavaggio motore con lancia",
      "durata_minuti": 5,
      "quantita_disponibile": -1,
      "quantita_minima_alert": 0,
      "codice_prodotto": "",
      "attivo": true,
      "creato_il": "2025-07-22T18:03:41.503320+00:00",
      "aggiornato_il": "2025-07-22T18:03:41.503320+00:00",
      "postazioni": [
        3
      ]
    }
  },
  {
    "model": "core.servizioprodotto",
    "pk": 36,
    "fields": {
      "titolo": "Pulizia solo degli interni",
      "tipo": "servizio",
      "prezzo": 15.0,
      "categoria": 1,
      "descrizione": "lavaggio completo degli interni",
      "durata_minuti": 40,
      "quantita_disponibile": -1,
      "quantita_minima_alert": 0,
      "codice_prodotto": "",
      "attivo": true,
      "creato_il": "2025-07-22T16:25:04.968249+00:00",
      "aggiornato_il": "2025-07-22T16:25:04.968249+00:00",
      "postazioni": [
        3
      ]
    }
  },
  {
    "model": "core.servizioprodotto",
    "pk": 27,
    "fields": {
      "titolo": "Smacchiatura - Prezzo a sedile",
      "tipo": "servizio",
      "prezzo": 10.0,
      "categoria": 1,
      "descrizione": "Smacchiatura di un solo sedile",
      "durata_minuti": 10,
      "quantita_disponibile": -1,
      "quantita_minima_alert": 0,
      "codice_prodotto": "",
      "attivo": true,
      "creato_il": "2025-07-21T16:55:59.113411+00:00",
      "aggiornato_il": "2025-07-21T16:55:59.113411+00:00",
      "postazioni": [
        3
      ]
    }
  },
  {
    "model": "core.servizioprodotto",
    "pk": 28,
    "fields": {
      "titolo": "Smacchiatura sedili (n.5)",
      "tipo": "servizio",
      "prezzo": 50.0,
      "categoria": 1,
      "descrizione": "Smacchiatura completa di 5 sedili",
      "durata_minuti": 40,
      "quantita_disponibile": -1,
      "quantita_minima_alert": 0,
      "codice_prodotto": "",
      "attivo": true,
      "creato_il": "2025-07-21T16:57:25.598341+00:00",
      "aggiornato_il": "2025-07-21T16:58:20.843306+00:00",
      "postazioni": [
        3
      ]
    }
  },
  {
    "model": "core.servizioprodotto",
    "pk": 46,
    "fields": {
      "titolo": "Sporco eccessivo",
      "tipo": "servizio",
      "prezzo": 1.0,
      "categoria": 1,
      "descrizione": "Maggiorazione dovuta alle condizioni del veicolo e dal tempo dedicato",
      "durata_minuti": 0,
      "quantita_disponibile": -1,
      "quantita_minima_alert": 0,
      "codice_prodotto": "",
      "attivo": true,
      "creato_il": "2025-07-25T06:02:34.246813+00:00",
      "aggiornato_il": "2025-07-25T06:02:34.246813+00:00",
      "postazioni": [
        3
      ]
    }
  },
  {
    "model": "core.servizioprodotto",
    "pk": 2,
    "fields": {
      "titolo": "Acqua e Schiuma",
      "tipo": "servizio",
      "prezzo": 2.0,
      "categoria": 2,
      "descrizione": ".",
      "durata_minuti": 5,
      "quantita_disponibile": -1,
      "quantita_minima_alert": 0,
      "codice_prodotto": "",
      "attivo": true,
      "creato_il": "2025-07-14T13:42:29.156451+00:00",
      "aggiornato_il": "2025-07-14T13:42:29.156451+00:00",
      "postazioni": [
        5
      ]
    }
  },
  {
    "model": "core.servizioprodotto",
    "pk": 35,
    "fields": {
      "titolo": "Asciugatura portiere e cofano",
      "tipo": "servizio",
      "prezzo": 2.0,
      "categoria": 2,
      "descrizione": "Asciugatura portiere e cofano",
      "durata_minuti": 5,
      "quantita_disponibile": -1,
      "quantita_minima_alert": 0,
      "codice_prodotto": "",
      "attivo": true,
      "creato_il": "2025-07-22T16:23:58.617968+00:00",
      "aggiornato_il": "2025-07-22T16:23:58.617968+00:00",
      "postazioni": [
        5
      ]
    }
  },
  {
    "model": "core.servizioprodotto",
    "pk": 8,
    "fields": {
      "titolo": "Fango eccessivo",
      "tipo": "servizio",
      "prezzo": 1.0,
      "categoria": 2,
      "descrizione": "Rimozione fango eccessivo",
      "durata_minuti": 1,
      "quantita_disponibile": -1,
      "quantita_minima_alert": 0,
      "codice_prodotto": "",
      "attivo": true,
      "creato_il": "2025-07-15T18:49:19.679178+00:00",
      "aggiornato_il": "2025-07-15T18:50:53.986887+00:00",
      "postazioni": [
        5
      ]
    }
  },
  {
    "model": "core.servizioprodotto",
    "pk": 30,
    "fields": {
      "titolo": "Nero gomme",
      "tipo": "servizio",
      "prezzo": 2.0,
      "categoria": 2,
      "descrizione": "Ruote e passaruote",
      "durata_minuti": 0,
      "quantita_disponibile": -1,
      "quantita_minima_alert": 0,
      "codice_prodotto": "",
      "attivo": true,
      "creato_il": "2025-07-22T16:19:24.932124+00:00",
      "aggiornato_il": "2025-07-22T16:20:38.500907+00:00",
      "postazioni": [
        5
      ]
    }
  },
  {
    "model": "core.servizioprodotto",
    "pk": 31,
    "fields": {
      "titolo": "Prodotto Cerchi",
      "tipo": "servizio",
      "prezzo": 1.0,
      "categoria": 2,
      "descrizione": "lavaggio cerchi",
      "durata_minuti": 0,
      "quantita_disponibile": -1,
      "quantita_minima_alert": 0,
      "codice_prodotto": "",
      "attivo": true,
      "creato_il": "2025-07-22T16:20:15.415692+00:00",
      "aggiornato_il": "2025-07-22T16:20:15.415692+00:00",
      "postazioni": [
        5
      ]
    }
  },
  {
    "model": "core.servizioprodotto",
    "pk": 3,
    "fields": {
      "titolo": "Prodotto Moscerini",
      "tipo": "servizio",
      "prezzo": 1.0,
      "categoria": 2,
      "descrizione": ".",
      "durata_minuti": 0,
      "quantita_disponibile": -1,
      "quantita_minima_alert": 0,
      "codice_prodotto": "",
      "attivo": true,
      "creato_il": "2025-07-14T13:58:25.880830+00:00",
      "aggiornato_il": "2025-07-14T13:58:25.880830+00:00",
      "postazioni": [
        5
      ]
    }
  },
  {
    "model": "core.servizioprodotto",
    "pk": 32,
    "fields": {
      "titolo": "Vetri",
      "tipo": "servizio",
      "prezzo": 5.0,
      "categoria": 2,
      "descrizione": "Pulizia interno ed esterno dei vetri",
      "durata_minuti": 0,
      "quantita_disponibile": -1,
      "quantita_minima_alert": 0,
      "codice_prodotto": "",
      "attivo": true,
      "creato_il": "2025-07-22T16:21:22.666656+00:00",
      "aggiornato_il": "2025-07-22T16:21:22.666656+00:00",
      "postazioni": [
        5
      ]
    }
  },
  {
    "model": "core.servizioprodotto",
    "pk": 37,
    "fields": {
      "titolo": "Polish per abbonati",
      "tipo": "servizio",
      "prezzo": 3.0,
      "categoria": 3,
      "descrizione": "Implemento di programma per gli abbonati",
      "durata_minuti": 0,
      "quantita_disponibile": -1,
      "quantita_minima_alert": 0,
      "codice_prodotto": "",
      "attivo": true,
      "creato_il": "2025-07-22T16:33:33.537873+00:00",
      "aggiornato_il": "2025-07-22T16:33:33.537873+00:00",
      "postazioni": [
        2
      ]
    }
  },
  {
    "model": "core.servizioprodotto",
    "pk": 29,
    "fields": {
      "titolo": "Programma base spazzole",
      "tipo": "servizio",
      "prezzo": 10.0,
      "categoria": 3,
      "descrizione": "Lavaggio con spazzole con programma base: Shampoo, emoliente, lavaggio ruote in alta pressione, spazzole, ceratura ed asciugatura meccanica",
      "durata_minuti": 8,
      "quantita_disponibile": -1,
      "quantita_minima_alert": 0,
      "codice_prodotto": "",
      "attivo": true,
      "creato_il": "2025-07-22T06:34:53.618162+00:00",
      "aggiornato_il": "2025-07-25T05:55:11.408795+00:00",
      "postazioni": [
        2
      ]
    }
  },
  {
    "model": "core.servizioprodotto",
    "pk": 7,
    "fields": {
      "titolo": "Camion - solo esterno",
      "tipo": "servizio",
      "prezzo": 20.0,
      "categoria": 4,
      "descrizione": "Tipo Daily non troppo sporco",
      "durata_minuti": 30,
      "quantita_disponibile": -1,
      "quantita_minima_alert": 0,
      "codice_prodotto": "",
      "attivo": true,
      "creato_il": "2025-07-15T18:35:33.737190+00:00",
      "aggiornato_il": "2025-07-15T18:41:05.382423+00:00",
      "postazioni": [
        5
      ]
    }
  },
  {
    "model": "core.servizioprodotto",
    "pk": 42,
    "fields": {
      "titolo": "Centina - int. ed est.",
      "tipo": "servizio",
      "prezzo": 10.0,
      "categoria": 4,
      "descrizione": "Lavaggio interno ed esterno del cassone",
      "durata_minuti": 30,
      "quantita_disponibile": -1,
      "quantita_minima_alert": 0,
      "codice_prodotto": "",
      "attivo": true,
      "creato_il": "2025-07-22T18:08:51.979241+00:00",
      "aggiornato_il": "2025-07-22T18:08:51.979241+00:00",
      "postazioni": [
        3
      ]
    }
  },
  {
    "model": "core.servizioprodotto",
    "pk": 44,
    "fields": {
      "titolo": "Mezzo tipo Daily - solo esterno",
      "tipo": "servizio",
      "prezzo": 18.0,
      "categoria": 4,
      "descrizione": "Mezzo tipo Daily - solo esterno",
      "durata_minuti": 15,
      "quantita_disponibile": -1,
      "quantita_minima_alert": 0,
      "codice_prodotto": "",
      "attivo": true,
      "creato_il": "2025-07-22T18:15:44.087111+00:00",
      "aggiornato_il": "2025-07-22T18:15:44.087111+00:00",
      "postazioni": [
        3
      ]
    }
  },
  {
    "model": "core.servizioprodotto",
    "pk": 41,
    "fields": {
      "titolo": "Mezzo tipo Daily con lavaggio cabina",
      "tipo": "servizio",
      "prezzo": 35.0,
      "categoria": 4,
      "descrizione": "Mezzo tipo Daily - lavaggio completo con cassone aperto",
      "durata_minuti": 50,
      "quantita_disponibile": -1,
      "quantita_minima_alert": 0,
      "codice_prodotto": "",
      "attivo": true,
      "creato_il": "2025-07-22T18:06:14.823802+00:00",
      "aggiornato_il": "2025-07-22T18:10:42.916234+00:00",
      "postazioni": [
        3
      ]
    }
  },
  {
    "model": "core.servizioprodotto",
    "pk": 43,
    "fields": {
      "titolo": "Sporco eccessivo",
      "tipo": "servizio",
      "prezzo": 1.0,
      "categoria": 4,
      "descrizione": "Inserire la quantità fino al raggiungimento del prezzo preventivato",
      "durata_minuti": 0,
      "quantita_disponibile": -1,
      "quantita_minima_alert": 0,
      "codice_prodotto": "",
      "attivo": true,
      "creato_il": "2025-07-22T18:13:06.918316+00:00",
      "aggiornato_il": "2025-07-22T18:13:06.918316+00:00",
      "postazioni": [
        3
      ]
    }
  },
  {
    "model": "core.servizioprodotto",
    "pk": 39,
    "fields": {
      "titolo": "Ritiro e consegna a domicilio (Costo al KM)",
      "tipo": "servizio",
      "prezzo": 0.6,
      "categoria": 6,
      "descrizione": "costo al km",
      "durata_minuti": 0,
      "quantita_disponibile": -1,
      "quantita_minima_alert": 0,
      "codice_prodotto": "",
      "attivo": true,
      "creato_il": "2025-07-22T17:23:51.878443+00:00",
      "aggiornato_il": "2025-07-22T17:30:45.303948+00:00",
      "postazioni": []
    }
  },
  {
    "model": "core.servizioprodotto",
    "pk": 38,
    "fields": {
      "titolo": "Ritiro e consegna a domicilio (Tariffa fissa)",
      "tipo": "servizio",
      "prezzo": 3.0,
      "categoria": 6,
      "descrizione": "Ritiro e consegna del veicolo",
      "durata_minuti": 0,
      "quantita_disponibile": -1,
      "quantita_minima_alert": 0,
      "codice_prodotto": "",
      "attivo": true,
      "creato_il": "2025-07-22T17:23:09.062338+00:00",
      "aggiornato_il": "2025-07-22T17:30:54.555337+00:00",
      "postazioni": []
    }
  },
  {
    "model": "core.servizioprodotto",
    "pk": 11,
    "fields": {
      "titolo": "Condom Wash",
      "tipo": "prodotto",
      "prezzo": 14.0,
      "categoria": 5,
      "descrizione": "Spugna avvolgi spazzola lancia self-service",
      "durata_minuti": 0,
      "quantita_disponibile": 11,
      "quantita_minima_alert": 2,
      "codice_prodotto": "",
      "attivo": true,
      "creato_il": "2025-07-21T16:31:19.388992+00:00",
      "aggiornato_il": "2025-07-21T16:35:05.628243+00:00",
      "postazioni": []
    }
  },
  {
    "model": "core.servizioprodotto",
    "pk": 12,
    "fields": {
      "titolo": "Deo Cube",
      "tipo": "prodotto",
      "prezzo": 4.0,
      "categoria": 5,
      "descrizione": "Profumo auto Mafra",
      "durata_minuti": 0,
      "quantita_disponibile": 23,
      "quantita_minima_alert": 5,
      "codice_prodotto": "",
      "attivo": true,
      "creato_il": "2025-07-21T16:32:37.791181+00:00",
      "aggiornato_il": "2025-07-21T16:32:37.791181+00:00",
      "postazioni": []
    }
  },
  {
    "model": "core.servizioprodotto",
    "pk": 26,
    "fields": {
      "titolo": "DeoCar",
      "tipo": "prodotto",
      "prezzo": 3.0,
      "categoria": 5,
      "descrizione": "Profumino in boccetta",
      "durata_minuti": 0,
      "quantita_disponibile": 30,
      "quantita_minima_alert": 5,
      "codice_prodotto": "",
      "attivo": true,
      "creato_il": "2025-07-21T16:51:35.239507+00:00",
      "aggiornato_il": "2025-07-21T16:51:35.239507+00:00",
      "postazioni": []
    }
  },
  {
    "model": "core.servizioprodotto",
    "pk": 22,
    "fields": {
      "titolo": "Extreme black",
      "tipo": "prodotto",
      "prezzo": 0.0,
      "categoria": 5,
      "descrizione": "Prodotto nero gomme",
      "durata_minuti": 0,
      "quantita_disponibile": 1,
      "quantita_minima_alert": 1,
      "codice_prodotto": "",
      "attivo": true,
      "creato_il": "2025-07-21T16:45:23.062253+00:00",
      "aggiornato_il": "2025-07-21T16:45:23.062253+00:00",
      "postazioni": []
    }
  },
  {
    "model": "core.servizioprodotto",
    "pk": 23,
    "fields": {
      "titolo": "Fallout",
      "tipo": "prodotto",
      "prezzo": 0.0,
      "categoria": 5,
      "descrizione": "Decontaminante rapido cerchi e carrozzerie",
      "durata_minuti": 0,
      "quantita_disponibile": 2,
      "quantita_minima_alert": 1,
      "codice_prodotto": "",
      "attivo": true,
      "creato_il": "2025-07-21T16:47:02.918314+00:00",
      "aggiornato_il": "2025-07-21T16:47:02.918314+00:00",
      "postazioni": []
    }
  },
  {
    "model": "core.servizioprodotto",
    "pk": 24,
    "fields": {
      "titolo": "Fast cleaner",
      "tipo": "prodotto",
      "prezzo": 0.0,
      "categoria": 5,
      "descrizione": "Prodotto per la pulizia degli esterni",
      "durata_minuti": 0,
      "quantita_disponibile": 2,
      "quantita_minima_alert": 1,
      "codice_prodotto": "",
      "attivo": true,
      "creato_il": "2025-07-21T16:48:38.821106+00:00",
      "aggiornato_il": "2025-07-21T16:48:38.821106+00:00",
      "postazioni": []
    }
  },
  {
    "model": "core.servizioprodotto",
    "pk": 21,
    "fields": {
      "titolo": "Glass clean & shine",
      "tipo": "prodotto",
      "prezzo": 8.0,
      "categoria": 5,
      "descrizione": "Pulitore vetri con effetto brillante",
      "durata_minuti": 0,
      "quantita_disponibile": 3,
      "quantita_minima_alert": 1,
      "codice_prodotto": "",
      "attivo": true,
      "creato_il": "2025-07-21T16:44:15.612392+00:00",
      "aggiornato_il": "2025-07-21T16:44:15.612392+00:00",
      "postazioni": []
    }
  },
  {
    "model": "core.servizioprodotto",
    "pk": 25,
    "fields": {
      "titolo": "Glass cleaner plus",
      "tipo": "prodotto",
      "prezzo": 0.0,
      "categoria": 5,
      "descrizione": "Pulizia vetri",
      "durata_minuti": 0,
      "quantita_disponibile": 2,
      "quantita_minima_alert": 1,
      "codice_prodotto": "",
      "attivo": true,
      "creato_il": "2025-07-21T16:50:08.585196+00:00",
      "aggiornato_il": "2025-07-21T16:50:08.585196+00:00",
      "postazioni": []
    }
  },
  {
    "model": "core.servizioprodotto",
    "pk": 14,
    "fields": {
      "titolo": "Guanto Double Face",
      "tipo": "prodotto",
      "prezzo": 0.0,
      "categoria": 5,
      "descrizione": "Guanto per la pulizia degli esterni",
      "durata_minuti": 0,
      "quantita_disponibile": 2,
      "quantita_minima_alert": 1,
      "codice_prodotto": "",
      "attivo": true,
      "creato_il": "2025-07-21T16:36:33.483879+00:00",
      "aggiornato_il": "2025-07-21T16:36:33.483879+00:00",
      "postazioni": []
    }
  },
  {
    "model": "core.servizioprodotto",
    "pk": 20,
    "fields": {
      "titolo": "HP 12",
      "tipo": "prodotto",
      "prezzo": 0.0,
      "categoria": 5,
      "descrizione": "Sgrassante multiuso",
      "durata_minuti": 0,
      "quantita_disponibile": 2,
      "quantita_minima_alert": 1,
      "codice_prodotto": "",
      "attivo": true,
      "creato_il": "2025-07-21T16:43:12.857347+00:00",
      "aggiornato_il": "2025-07-21T16:43:12.857347+00:00",
      "postazioni": []
    }
  },
  {
    "model": "core.servizioprodotto",
    "pk": 17,
    "fields": {
      "titolo": "Killer (spruzzino)",
      "tipo": "prodotto",
      "prezzo": 8.0,
      "categoria": 5,
      "descrizione": "Prodotto per la rimozione degli insetti",
      "durata_minuti": 0,
      "quantita_disponibile": 6,
      "quantita_minima_alert": 2,
      "codice_prodotto": "",
      "attivo": true,
      "creato_il": "2025-07-21T16:39:51.581053+00:00",
      "aggiornato_il": "2025-07-21T16:39:51.581053+00:00",
      "postazioni": []
    }
  },
  {
    "model": "core.servizioprodotto",
    "pk": 16,
    "fields": {
      "titolo": "Killer Pulimoscerini",
      "tipo": "prodotto",
      "prezzo": 3.0,
      "categoria": 5,
      "descrizione": "Prodotto tergicristalli per la rimozione dei moscerini",
      "durata_minuti": 0,
      "quantita_disponibile": 3,
      "quantita_minima_alert": 1,
      "codice_prodotto": "",
      "attivo": true,
      "creato_il": "2025-07-21T16:38:45.907860+00:00",
      "aggiornato_il": "2025-07-21T16:38:45.907860+00:00",
      "postazioni": []
    }
  },
  {
    "model": "core.servizioprodotto",
    "pk": 10,
    "fields": {
      "titolo": "Pulicasco",
      "tipo": "prodotto",
      "prezzo": 4.5,
      "categoria": 5,
      "descrizione": "Pulitore per interni casco",
      "durata_minuti": 0,
      "quantita_disponibile": 2,
      "quantita_minima_alert": 1,
      "codice_prodotto": "",
      "attivo": true,
      "creato_il": "2025-07-21T16:29:08.162095+00:00",
      "aggiornato_il": "2025-07-21T16:29:08.162095+00:00",
      "postazioni": []
    }
  },
  {
    "model": "core.servizioprodotto",
    "pk": 13,
    "fields": {
      "titolo": "Pulimax",
      "tipo": "prodotto",
      "prezzo": 10.0,
      "categoria": 5,
      "descrizione": "Prodotto pulizia interni auto",
      "durata_minuti": 0,
      "quantita_disponibile": 2,
      "quantita_minima_alert": 1,
      "codice_prodotto": "",
      "attivo": true,
      "creato_il": "2025-07-21T16:34:18.581078+00:00",
      "aggiornato_il": "2025-07-21T16:34:18.581078+00:00",
      "postazioni": []
    }
  },
  {
    "model": "core.servizioprodotto",
    "pk": 15,
    "fields": {
      "titolo": "Pulisint",
      "tipo": "prodotto",
      "prezzo": 10.0,
      "categoria": 5,
      "descrizione": "Panno auto",
      "durata_minuti": 0,
      "quantita_disponibile": 3,
      "quantita_minima_alert": 1,
      "codice_prodotto": "",
      "attivo": true,
      "creato_il": "2025-07-21T16:37:48.138867+00:00",
      "aggiornato_il": "2025-07-21T16:37:48.138867+00:00",
      "postazioni": []
    }
  },
  {
    "model": "core.servizioprodotto",
    "pk": 9,
    "fields": {
      "titolo": "Super Dryer",
      "tipo": "prodotto",
      "prezzo": 20.0,
      "categoria": 5,
      "descrizione": "Panno viola grande Mafra",
      "durata_minuti": 0,
      "quantita_disponibile": 5,
      "quantita_minima_alert": 3,
      "codice_prodotto": "",
      "attivo": true,
      "creato_il": "2025-07-21T16:28:13.941384+00:00",
      "aggiornato_il": "2025-07-21T16:35:17.871025+00:00",
      "postazioni": []
    }
  },
  {
    "model": "core.servizioprodotto",
    "pk": 18,
    "fields": {
      "titolo": "Trattamento Pelle 3 in 1",
      "tipo": "prodotto",
      "prezzo": 10.0,
      "categoria": 5,
      "descrizione": "Spruzzino per trattamento pelle",
      "durata_minuti": 0,
      "quantita_disponibile": 3,
      "quantita_minima_alert": 1,
      "codice_prodotto": "",
      "attivo": true,
      "creato_il": "2025-07-21T16:40:36.510532+00:00",
      "aggiornato_il": "2025-07-21T16:40:36.510532+00:00",
      "postazioni": []
    }
  },
  {
    "model": "core.servizioprodotto",
    "pk": 19,
    "fields": {
      "titolo": "Trattamento tessuti",
      "tipo": "prodotto",
      "prezzo": 10.0,
      "categoria": 5,
      "descrizione": "Prodotto per il trattamento tessuti 3 in 1",
      "durata_minuti": 0,
      "quantita_disponibile": 1,
      "quantita_minima_alert": 1,
      "codice_prodotto": "",
      "attivo": true,
      "creato_il": "2025-07-21T16:42:08.949330+00:00",
      "aggiornato_il": "2025-07-21T16:42:08.949330+00:00",
      "postazioni": []
    }
  },
  {
    "model": "core.sconto",
    "pk": 1,
    "fields": {
      "titolo": "Happy hour 20%",
      "tipo_sconto": "percentuale",
      "valore": 20.0,
      "attivo": true
    }
  },
  {
    "model": "core.stampanterete",
    "pk": 1,
    "fields": {
      "nome": "EPSON",
      "tipo": "comanda",
      "indirizzo_ip": "192.168.1.80",
      "porta": 9100,
      "modello": "EPSON TM88II",
      "larghezza_carta": 80,
      "attiva": true,
      "predefinita": false
    }
  },
  {
    "model": "core.movimentoscorte",
    "pk": 3,
    "fields": {
      "prodotto": 12,
      "tipo": "scarico",
      "quantita": -2,
      "quantita_prima": 25,
      "quantita_dopo": 23,
      "riferimento_ordine": 129,
      "nota": "Vendita - Ordine 20250725-0010",
      "operatore": [
        "daniele"
      ],
      "data_movimento": "2025-07-25T10:40:22.159607+00:00"
    }
  },
  {
    "model": "core.movimentoscorte",
    "pk": 2,
    "fields": {
      "prodotto": 12,
      "tipo": "scarico",
      "quantita": -2,
      "quantita_prima": 27,
      "quantita_dopo": 25,
      "riferimento_ordine": null,
      "nota": "Vendita - Ordine 20250725-0010",
      "operatore": [
        "daniele"
      ],
      "data_movimento": "2025-07-25T10:39:16.499034+00:00"
    }
  },
  {
    "model": "core.movimentoscorte",
    "pk": 1,
    "fields": {
      "prodotto": 12,
      "tipo": "scarico",
      "quantita": -2,
      "quantita_prima": 29,
      "quantita_dopo": 27,
      "riferimento_ordine": null,
      "nota": "Vendita - Ordine 20250725-0009",
      "operatore": [
        "daniele"
      ],
      "data_movimento": "2025-07-25T10:34:06.075504+00:00"
    }
  },
  {
    "model": "clienti.cliente",
    "pk": 21,
    "fields": {
      "tipo": "azienda",
      "email": "danielelombardo12@gmail.com",
      "telefono": "3273477473",
      "indirizzo": "Via Gela, 215",
      "cap": "92027",
      "citta": "Licata",
      "nome": "",
      "cognome": "",
      "codice_fiscale": "",
      "ragione_sociale": "Ds Giochi Srl",
      "partita_iva": "02703400842",
      "codice_sdi": "",
      "pec": "",
      "user": null,
      "consenso_marketing": false,
      "data_registrazione": "2025-07-22T15:52:16.879363+00:00"
    }
  },
  {
    "model": "clienti.cliente",
    "pk": 22,
    "fields": {
      "tipo": "privato",
      "email": null,
      "telefono": "3273477473",
      "indirizzo": "Corso Serrovira, 136",
      "cap": "92027",
      "citta": "Licata",
      "nome": "Daniele",
      "cognome": "Lombardo",
      "codice_fiscale": "",
      "ragione_sociale": "",
      "partita_iva": "",
      "codice_sdi": "",
      "pec": "",
      "user": null,
      "consenso_marketing": false,
      "data_registrazione": "2025-07-22T17:51:25.861861+00:00"
    }
  },
  {
    "model": "clienti.cliente",
    "pk": 23,
    "fields": {
      "tipo": "privato",
      "email": null,
      "telefono": "3202281310",
      "indirizzo": "",
      "cap": "",
      "citta": "",
      "nome": "Angelo",
      "cognome": "Coco",
      "codice_fiscale": "",
      "ragione_sociale": "",
      "partita_iva": "",
      "codice_sdi": "",
      "pec": "",
      "user": null,
      "consenso_marketing": false,
      "data_registrazione": "2025-07-23T07:37:36.397270+00:00"
    }
  },
  {
    "model": "clienti.cliente",
    "pk": 24,
    "fields": {
      "tipo": "azienda",
      "email": "zzz@mail.it",
      "telefono": "3204184428",
      "indirizzo": "Via Barrile 34",
      "cap": "",
      "citta": "",
      "nome": "",
      "cognome": "",
      "codice_fiscale": "",
      "ragione_sociale": "Aidival Metis Consulting S.R.L.",
      "partita_iva": "03022490845",
      "codice_sdi": "w7yvjk9",
      "pec": "",
      "user": null,
      "consenso_marketing": false,
      "data_registrazione": "2025-07-23T07:44:40.796392+00:00"
    }
  },
  {
    "model": "clienti.cliente",
    "pk": 25,
    "fields": {
      "tipo": "privato",
      "email": "temp_1753257008@prenotazione.local",
      "telefono": "3894862717",
      "indirizzo": "",
      "cap": "",
      "citta": "",
      "nome": "Christian",
      "cognome": "Gatì",
      "codice_fiscale": "",
      "ragione_sociale": "",
      "partita_iva": "",
      "codice_sdi": "",
      "pec": "",
      "user": null,
      "consenso_marketing": false,
      "data_registrazione": "2025-07-23T07:50:08.108846+00:00"
    }
  },
  {
    "model": "clienti.cliente",
    "pk": 26,
    "fields": {
      "tipo": "privato",
      "email": "OOO@1.IT",
      "telefono": "3472904580",
      "indirizzo": "",
      "cap": "",
      "citta": "",
      "nome": "Vincenzo",
      "cognome": "Vedda",
      "codice_fiscale": "",
      "ragione_sociale": "",
      "partita_iva": "",
      "codice_sdi": "",
      "pec": "",
      "user": null,
      "consenso_marketing": false,
      "data_registrazione": "2025-07-23T09:47:39.877827+00:00"
    }
  },
  {
    "model": "clienti.cliente",
    "pk": 28,
    "fields": {
      "tipo": "azienda",
      "email": "GENEROSO@OK.IT",
      "telefono": "3240833523",
      "indirizzo": "",
      "cap": "",
      "citta": "",
      "nome": "",
      "cognome": "",
      "codice_fiscale": "",
      "ragione_sociale": "Generoso Roberta",
      "partita_iva": "02696550843",
      "codice_sdi": "BA6ET11",
      "pec": "",
      "user": null,
      "consenso_marketing": false,
      "data_registrazione": "2025-07-23T11:00:40.934243+00:00"
    }
  },
  {
    "model": "clienti.cliente",
    "pk": 29,
    "fields": {
      "tipo": "privato",
      "email": null,
      "telefono": "3395881196",
      "indirizzo": "",
      "cap": "",
      "citta": "",
      "nome": "Davide",
      "cognome": "Cammilleri",
      "codice_fiscale": "",
      "ragione_sociale": "",
      "partita_iva": "",
      "codice_sdi": "",
      "pec": "",
      "user": null,
      "consenso_marketing": false,
      "data_registrazione": "2025-07-23T14:21:11.307586+00:00"
    }
  },
  {
    "model": "clienti.cliente",
    "pk": 30,
    "fields": {
      "tipo": "privato",
      "email": "temp_1753425925@prenotazione.local",
      "telefono": "3339975846",
      "indirizzo": "",
      "cap": "",
      "citta": "",
      "nome": "Gavin",
      "cognome": "Licata",
      "codice_fiscale": "",
      "ragione_sociale": "",
      "partita_iva": "",
      "codice_sdi": "",
      "pec": "",
      "user": null,
      "consenso_marketing": false,
      "data_registrazione": "2025-07-25T06:45:25.805366+00:00"
    }
  },
  {
    "model": "clienti.cliente",
    "pk": 31,
    "fields": {
      "tipo": "privato",
      "email": "temp_1753426144@prenotazione.local",
      "telefono": "+39 392 512 7254",
      "indirizzo": "",
      "cap": "",
      "citta": "",
      "nome": "Gioia",
      "cognome": "Scicolone",
      "codice_fiscale": "",
      "ragione_sociale": "",
      "partita_iva": "",
      "codice_sdi": "",
      "pec": "",
      "user": null,
      "consenso_marketing": false,
      "data_registrazione": "2025-07-25T06:49:04.122144+00:00"
    }
  },
  {
    "model": "clienti.cliente",
    "pk": 32,
    "fields": {
      "tipo": "privato",
      "email": "temp_1753426298@prenotazione.local",
      "telefono": "56466575648875888565",
      "indirizzo": "",
      "cap": "",
      "citta": "",
      "nome": "Genoveffo",
      "cognome": "Cantavenera",
      "codice_fiscale": "",
      "ragione_sociale": "",
      "partita_iva": "",
      "codice_sdi": "",
      "pec": "",
      "user": null,
      "consenso_marketing": false,
      "data_registrazione": "2025-07-25T06:51:38.406994+00:00"
    }
  },
  {
    "model": "clienti.cliente",
    "pk": 33,
    "fields": {
      "tipo": "privato",
      "email": null,
      "telefono": "3396366186",
      "indirizzo": "",
      "cap": "",
      "citta": "",
      "nome": "Daniele",
      "cognome": "Vitali",
      "codice_fiscale": "",
      "ragione_sociale": "",
      "partita_iva": "",
      "codice_sdi": "",
      "pec": "",
      "user": null,
      "consenso_marketing": false,
      "data_registrazione": "2025-07-25T07:27:38.781111+00:00"
    }
  },
  {
    "model": "clienti.cliente",
    "pk": 35,
    "fields": {
      "tipo": "privato",
      "email": null,
      "telefono": "0987654321",
      "indirizzo": "",
      "cap": "",
      "citta": "",
      "nome": "Luigi",
      "cognome": "Verdi",
      "codice_fiscale": "",
      "ragione_sociale": "",
      "partita_iva": "",
      "codice_sdi": "",
      "pec": "",
      "user": null,
      "consenso_marketing": false,
      "data_registrazione": "2025-07-25T07:31:41.173192+00:00"
    }
  },
  {
    "model": "clienti.cliente",
    "pk": 37,
    "fields": {
      "tipo": "privato",
      "email": null,
      "telefono": "3887225402",
      "indirizzo": "",
      "cap": "",
      "citta": "",
      "nome": "Domenico",
      "cognome": "Mulè",
      "codice_fiscale": "",
      "ragione_sociale": "",
      "partita_iva": "",
      "codice_sdi": "",
      "pec": "",
      "user": null,
      "consenso_marketing": false,
      "data_registrazione": "2025-07-25T07:34:25.429873+00:00"
    }
  },
  {
    "model": "clienti.cliente",
    "pk": 41,
    "fields": {
      "tipo": "privato",
      "email": null,
      "telefono": "3887937827",
      "indirizzo": "",
      "cap": "",
      "citta": "",
      "nome": "Cristoforo",
      "cognome": "Antona",
      "codice_fiscale": "",
      "ragione_sociale": "",
      "partita_iva": "",
      "codice_sdi": "",
      "pec": "",
      "user": null,
      "consenso_marketing": false,
      "data_registrazione": "2025-07-25T08:12:32.334375+00:00"
    }
  },
  {
    "model": "clienti.cliente",
    "pk": 42,
    "fields": {
      "tipo": "azienda",
      "email": null,
      "telefono": "3898729448",
      "indirizzo": "",
      "cap": "",
      "citta": "",
      "nome": "",
      "cognome": "",
      "codice_fiscale": "",
      "ragione_sociale": "Sistem Car 2000 S.R.L.",
      "partita_iva": "02045350846",
      "codice_sdi": "USAL8PV",
      "pec": "",
      "user": null,
      "consenso_marketing": false,
      "data_registrazione": "2025-07-25T08:25:23.824287+00:00"
    }
  },
  {
    "model": "clienti.cliente",
    "pk": 43,
    "fields": {
      "tipo": "privato",
      "email": null,
      "telefono": "3664359232",
      "indirizzo": "",
      "cap": "",
      "citta": "",
      "nome": "Giovanni",
      "cognome": "Russello",
      "codice_fiscale": "",
      "ragione_sociale": "",
      "partita_iva": "",
      "codice_sdi": "",
      "pec": "",
      "user": null,
      "consenso_marketing": false,
      "data_registrazione": "2025-07-25T11:09:37.887738+00:00"
    }
  },
  {
    "model": "clienti.cliente",
    "pk": 44,
    "fields": {
      "tipo": "privato",
      "email": null,
      "telefono": "3791486229",
      "indirizzo": "",
      "cap": "",
      "citta": "",
      "nome": "Mattia",
      "cognome": "Gibella",
      "codice_fiscale": "",
      "ragione_sociale": "",
      "partita_iva": "",
      "codice_sdi": "",
      "pec": "",
      "user": null,
      "consenso_marketing": false,
      "data_registrazione": "2025-07-25T11:15:29.278332+00:00"
    }
  },
  {
    "model": "clienti.cliente",
    "pk": 45,
    "fields": {
      "tipo": "privato",
      "email": "temp_1753443487@prenotazione.local",
      "telefono": "3208650190",
      "indirizzo": "",
      "cap": "",
      "citta": "",
      "nome": "Luca",
      "cognome": "Graci",
      "codice_fiscale": "",
      "ragione_sociale": "",
      "partita_iva": "",
      "codice_sdi": "",
      "pec": "",
      "user": null,
      "consenso_marketing": false,
      "data_registrazione": "2025-07-25T11:38:07.541340+00:00"
    }
  },
  {
    "model": "clienti.cliente",
    "pk": 46,
    "fields": {
      "tipo": "privato",
      "email": null,
      "telefono": "3661005779",
      "indirizzo": "",
      "cap": "",
      "citta": "",
      "nome": "Giuseppe",
      "cognome": "Infusino",
      "codice_fiscale": "",
      "ragione_sociale": "",
      "partita_iva": "",
      "codice_sdi": "",
      "pec": "",
      "user": null,
      "consenso_marketing": false,
      "data_registrazione": "2025-07-25T11:41:48.294102+00:00"
    }
  },
  {
    "model": "clienti.cliente",
    "pk": 47,
    "fields": {
      "tipo": "privato",
      "email": null,
      "telefono": "330602496",
      "indirizzo": "",
      "cap": "",
      "citta": "",
      "nome": "Salvatore",
      "cognome": "Oliveri",
      "codice_fiscale": "",
      "ragione_sociale": "",
      "partita_iva": "",
      "codice_sdi": "",
      "pec": "",
      "user": null,
      "consenso_marketing": false,
      "data_registrazione": "2025-07-25T11:42:30.659372+00:00"
    }
  },
  {
    "model": "clienti.cliente",
    "pk": 48,
    "fields": {
      "tipo": "privato",
      "email": null,
      "telefono": "3473326053",
      "indirizzo": "",
      "cap": "",
      "citta": "",
      "nome": "Piero",
      "cognome": "Cutaia",
      "codice_fiscale": "",
      "ragione_sociale": "",
      "partita_iva": "",
      "codice_sdi": "",
      "pec": "",
      "user": null,
      "consenso_marketing": false,
      "data_registrazione": "2025-07-25T11:50:03.292032+00:00"
    }
  },
  {
    "model": "clienti.cliente",
    "pk": 49,
    "fields": {
      "tipo": "azienda",
      "email": null,
      "telefono": "3898361461",
      "indirizzo": "",
      "cap": "",
      "citta": "",
      "nome": "",
      "cognome": "",
      "codice_fiscale": "",
      "ragione_sociale": "Master Fruit S.R.L.",
      "partita_iva": "02297350841",
      "codice_sdi": "",
      "pec": "",
      "user": null,
      "consenso_marketing": false,
      "data_registrazione": "2025-07-25T11:52:50.488484+00:00"
    }
  },
  {
    "model": "clienti.cliente",
    "pk": 50,
    "fields": {
      "tipo": "privato",
      "email": null,
      "telefono": "3339674923",
      "indirizzo": "",
      "cap": "",
      "citta": "",
      "nome": "Salvatore",
      "cognome": "La Rocca",
      "codice_fiscale": "",
      "ragione_sociale": "",
      "partita_iva": "",
      "codice_sdi": "",
      "pec": "",
      "user": null,
      "consenso_marketing": false,
      "data_registrazione": "2025-07-25T15:26:46.260654+00:00"
    }
  },
  {
    "model": "clienti.puntifedelta",
    "pk": 8,
    "fields": {
      "cliente": 21,
      "punti_totali": 42,
      "punti_utilizzati": 0
    }
  },
  {
    "model": "clienti.puntifedelta",
    "pk": 9,
    "fields": {
      "cliente": 22,
      "punti_totali": 6,
      "punti_utilizzati": 0
    }
  },
  {
    "model": "clienti.puntifedelta",
    "pk": 10,
    "fields": {
      "cliente": 24,
      "punti_totali": 2,
      "punti_utilizzati": 0
    }
  },
  {
    "model": "clienti.puntifedelta",
    "pk": 11,
    "fields": {
      "cliente": 26,
      "punti_totali": 2,
      "punti_utilizzati": 0
    }
  },
  {
    "model": "clienti.puntifedelta",
    "pk": 12,
    "fields": {
      "cliente": 28,
      "punti_totali": 0,
      "punti_utilizzati": 0
    }
  },
  {
    "model": "clienti.puntifedelta",
    "pk": 14,
    "fields": {
      "cliente": 23,
      "punti_totali": 2,
      "punti_utilizzati": 0
    }
  },
  {
    "model": "clienti.puntifedelta",
    "pk": 15,
    "fields": {
      "cliente": 29,
      "punti_totali": 2,
      "punti_utilizzati": 0
    }
  },
  {
    "model": "clienti.puntifedelta",
    "pk": 16,
    "fields": {
      "cliente": 25,
      "punti_totali": 0,
      "punti_utilizzati": 0
    }
  },
  {
    "model": "clienti.puntifedelta",
    "pk": 17,
    "fields": {
      "cliente": 33,
      "punti_totali": 2,
      "punti_utilizzati": 0
    }
  },
  {
    "model": "clienti.puntifedelta",
    "pk": 18,
    "fields": {
      "cliente": 37,
      "punti_totali": 2,
      "punti_utilizzati": 0
    }
  },
  {
    "model": "clienti.puntifedelta",
    "pk": 19,
    "fields": {
      "cliente": 41,
      "punti_totali": 0,
      "punti_utilizzati": 0
    }
  },
  {
    "model": "clienti.puntifedelta",
    "pk": 20,
    "fields": {
      "cliente": 42,
      "punti_totali": 11,
      "punti_utilizzati": 0
    }
  },
  {
    "model": "clienti.puntifedelta",
    "pk": 21,
    "fields": {
      "cliente": 43,
      "punti_totali": 2,
      "punti_utilizzati": 0
    }
  },
  {
    "model": "clienti.puntifedelta",
    "pk": 22,
    "fields": {
      "cliente": 44,
      "punti_totali": 0,
      "punti_utilizzati": 0
    }
  },
  {
    "model": "clienti.puntifedelta",
    "pk": 23,
    "fields": {
      "cliente": 46,
      "punti_totali": 2,
      "punti_utilizzati": 0
    }
  },
  {
    "model": "clienti.puntifedelta",
    "pk": 24,
    "fields": {
      "cliente": 47,
      "punti_totali": 2,
      "punti_utilizzati": 0
    }
  },
  {
    "model": "clienti.puntifedelta",
    "pk": 25,
    "fields": {
      "cliente": 48,
      "punti_totali": 0,
      "punti_utilizzati": 0
    }
  },
  {
    "model": "clienti.puntifedelta",
    "pk": 26,
    "fields": {
      "cliente": 49,
      "punti_totali": 0,
      "punti_utilizzati": 0
    }
  },
  {
    "model": "clienti.movimentopunti",
    "pk": 33,
    "fields": {
      "cliente": 46,
      "tipo": "accumulo",
      "punti": 2,
      "descrizione": "Acquisto ordine 20250725-0008",
      "ordine": 125,
      "data_movimento": "2025-07-25T19:20:31.403837+00:00",
      "data_scadenza": null
    }
  },
  {
    "model": "clienti.movimentopunti",
    "pk": 32,
    "fields": {
      "cliente": 47,
      "tipo": "accumulo",
      "punti": 2,
      "descrizione": "Acquisto ordine 20250725-0016",
      "ordine": 135,
      "data_movimento": "2025-07-25T17:47:38.866233+00:00",
      "data_scadenza": null
    }
  },
  {
    "model": "clienti.movimentopunti",
    "pk": 31,
    "fields": {
      "cliente": 43,
      "tipo": "accumulo",
      "punti": 2,
      "descrizione": "Acquisto ordine 20250725-0011",
      "ordine": 130,
      "data_movimento": "2025-07-25T15:51:27.674172+00:00",
      "data_scadenza": null
    }
  },
  {
    "model": "clienti.movimentopunti",
    "pk": 30,
    "fields": {
      "cliente": 29,
      "tipo": "accumulo",
      "punti": 2,
      "descrizione": "Acquisto ordine 20250725-0017",
      "ordine": 136,
      "data_movimento": "2025-07-25T14:12:05.674352+00:00",
      "data_scadenza": null
    }
  },
  {
    "model": "clienti.movimentopunti",
    "pk": 29,
    "fields": {
      "cliente": 42,
      "tipo": "accumulo",
      "punti": 1,
      "descrizione": "Acquisto ordine 20250725-0009",
      "ordine": 127,
      "data_movimento": "2025-07-25T10:39:00.949050+00:00",
      "data_scadenza": null
    }
  },
  {
    "model": "clienti.movimentopunti",
    "pk": 28,
    "fields": {
      "cliente": 42,
      "tipo": "accumulo",
      "punti": 2,
      "descrizione": "Acquisto ordine 20250725-0007",
      "ordine": 124,
      "data_movimento": "2025-07-25T10:37:34.811848+00:00",
      "data_scadenza": null
    }
  },
  {
    "model": "clienti.movimentopunti",
    "pk": 27,
    "fields": {
      "cliente": 42,
      "tipo": "accumulo",
      "punti": 2,
      "descrizione": "Acquisto ordine 20250725-0006",
      "ordine": 123,
      "data_movimento": "2025-07-25T10:37:25.093659+00:00",
      "data_scadenza": null
    }
  },
  {
    "model": "clienti.movimentopunti",
    "pk": 26,
    "fields": {
      "cliente": 42,
      "tipo": "accumulo",
      "punti": 6,
      "descrizione": "Acquisto ordine 20250725-0009",
      "ordine": null,
      "data_movimento": "2025-07-25T10:34:15.396850+00:00",
      "data_scadenza": null
    }
  },
  {
    "model": "clienti.movimentopunti",
    "pk": 25,
    "fields": {
      "cliente": 33,
      "tipo": "accumulo",
      "punti": 2,
      "descrizione": "Acquisto ordine 20250725-0004",
      "ordine": 121,
      "data_movimento": "2025-07-25T09:22:16.886171+00:00",
      "data_scadenza": null
    }
  },
  {
    "model": "clienti.movimentopunti",
    "pk": 24,
    "fields": {
      "cliente": 37,
      "tipo": "accumulo",
      "punti": 2,
      "descrizione": "Acquisto ordine 20250725-0005",
      "ordine": 122,
      "data_movimento": "2025-07-25T08:11:31.877398+00:00",
      "data_scadenza": null
    }
  },
  {
    "model": "clienti.movimentopunti",
    "pk": 23,
    "fields": {
      "cliente": 23,
      "tipo": "accumulo",
      "punti": 2,
      "descrizione": "Acquisto ordine 20250723-0006",
      "ordine": 101,
      "data_movimento": "2025-07-23T17:08:04.903932+00:00",
      "data_scadenza": null
    }
  },
  {
    "model": "clienti.movimentopunti",
    "pk": 22,
    "fields": {
      "cliente": 26,
      "tipo": "accumulo",
      "punti": 2,
      "descrizione": "Acquisto ordine 20250723-0009",
      "ordine": 104,
      "data_movimento": "2025-07-23T09:59:47.791432+00:00",
      "data_scadenza": null
    }
  },
  {
    "model": "clienti.movimentopunti",
    "pk": 21,
    "fields": {
      "cliente": 24,
      "tipo": "accumulo",
      "punti": 2,
      "descrizione": "Acquisto ordine 20250723-0007",
      "ordine": 102,
      "data_movimento": "2025-07-23T07:45:27.692320+00:00",
      "data_scadenza": null
    }
  },
  {
    "model": "clienti.movimentopunti",
    "pk": 20,
    "fields": {
      "cliente": 22,
      "tipo": "accumulo",
      "punti": 4,
      "descrizione": "Acquisto ordine 20250723-0002",
      "ordine": null,
      "data_movimento": "2025-07-23T05:13:29.273621+00:00",
      "data_scadenza": null
    }
  },
  {
    "model": "clienti.movimentopunti",
    "pk": 19,
    "fields": {
      "cliente": 21,
      "tipo": "accumulo",
      "punti": 21,
      "descrizione": "Acquisto ordine 20250722-0008",
      "ordine": null,
      "data_movimento": "2025-07-22T17:55:35.610205+00:00",
      "data_scadenza": null
    }
  },
  {
    "model": "clienti.movimentopunti",
    "pk": 18,
    "fields": {
      "cliente": 22,
      "tipo": "accumulo",
      "punti": 2,
      "descrizione": "Acquisto ordine 20250722-0007",
      "ordine": null,
      "data_movimento": "2025-07-22T17:51:47.832953+00:00",
      "data_scadenza": null
    }
  },
  {
    "model": "clienti.movimentopunti",
    "pk": 17,
    "fields": {
      "cliente": 21,
      "tipo": "accumulo",
      "punti": 21,
      "descrizione": "Acquisto ordine 20250722-0001",
      "ordine": null,
      "data_movimento": "2025-07-22T15:52:21.458491+00:00",
      "data_scadenza": null
    }
  },
  {
    "model": "ordini.ordine",
    "pk": 137,
    "fields": {
      "numero_progressivo": "20250725-0018",
      "data_ora": "2025-07-25T15:26:46.264828+00:00",
      "cliente": 50,
      "origine": "operatore",
      "tipo_consegna": "immediata",
      "ora_consegna_richiesta": null,
      "ora_consegna_prevista": "2025-07-25T19:17:46.270828+00:00",
      "tempo_attesa_minuti": 231,
      "totale": 25.0,
      "sconto_applicato": null,
      "importo_sconto": 0.0,
      "totale_finale": 25.0,
      "punti_fedelta_generati": 0,
      "stato_pagamento": "non_pagato",
      "importo_pagato": 0.0,
      "metodo_pagamento": "contanti",
      "data_scadenza_pagamento": null,
      "nota": "",
      "tipo_auto": "pick-up nero mercedes ",
      "stato": "completato",
      "operatore": [
        "daniele"
      ],
      "creato_il": "2025-07-25T15:26:46.265828+00:00",
      "aggiornato_il": "2025-07-25T17:28:23.104393+00:00"
    }
  },
  {
    "model": "ordini.ordine",
    "pk": 136,
    "fields": {
      "numero_progressivo": "20250725-0017",
      "data_ora": "2025-07-25T13:02:23.407231+00:00",
      "cliente": 29,
      "origine": "prenotazione",
      "tipo_consegna": "immediata",
      "ora_consegna_richiesta": null,
      "ora_consegna_prevista": "2025-07-25T13:00:00+00:00",
      "tempo_attesa_minuti": 0,
      "totale": 22.0,
      "sconto_applicato": null,
      "importo_sconto": 0.0,
      "totale_finale": 22.0,
      "punti_fedelta_generati": 2,
      "stato_pagamento": "pagato",
      "importo_pagato": 22.0,
      "metodo_pagamento": "",
      "data_scadenza_pagamento": null,
      "nota": "Davide prenotato alle 15:00",
      "tipo_auto": "Renault CLIO",
      "stato": "completato",
      "operatore": [
        "daniele"
      ],
      "creato_il": "2025-07-25T13:02:23.407231+00:00",
      "aggiornato_il": "2025-07-25T14:11:47.661277+00:00"
    }
  },
  {
    "model": "ordini.ordine",
    "pk": 135,
    "fields": {
      "numero_progressivo": "20250725-0016",
      "data_ora": "2025-07-25T12:19:24.169715+00:00",
      "cliente": 47,
      "origine": "operatore",
      "tipo_consegna": "programmata",
      "ora_consegna_richiesta": "18:00:00",
      "ora_consegna_prevista": "2025-07-25T17:32:24+00:00",
      "tempo_attesa_minuti": 313,
      "totale": 22.0,
      "sconto_applicato": null,
      "importo_sconto": 0.0,
      "totale_finale": 22.0,
      "punti_fedelta_generati": 2,
      "stato_pagamento": "pagato",
      "importo_pagato": 22.0,
      "metodo_pagamento": "contanti",
      "data_scadenza_pagamento": null,
      "nota": "",
      "tipo_auto": "Ford Pickup Bianco",
      "stato": "completato",
      "operatore": [
        "daniele"
      ],
      "creato_il": "2025-07-25T12:19:24.169715+00:00",
      "aggiornato_il": "2025-07-25T17:28:38.659004+00:00"
    }
  },
  {
    "model": "ordini.ordine",
    "pk": 134,
    "fields": {
      "numero_progressivo": "20250725-0015",
      "data_ora": "2025-07-25T11:53:37.809044+00:00",
      "cliente": 49,
      "origine": "operatore",
      "tipo_consegna": "programmata",
      "ora_consegna_richiesta": "18:00:00",
      "ora_consegna_prevista": "2025-07-25T16:22:37+00:00",
      "tempo_attesa_minuti": 269,
      "totale": 35.0,
      "sconto_applicato": null,
      "importo_sconto": 0.0,
      "totale_finale": 35.0,
      "punti_fedelta_generati": 0,
      "stato_pagamento": "non_pagato",
      "importo_pagato": 0.0,
      "metodo_pagamento": "contanti",
      "data_scadenza_pagamento": null,
      "nota": "",
      "tipo_auto": "Nissan Navara Grigia",
      "stato": "completato",
      "operatore": [
        "daniele"
      ],
      "creato_il": "2025-07-25T11:53:37.809044+00:00",
      "aggiornato_il": "2025-07-25T16:11:52.254250+00:00"
    }
  },
  {
    "model": "ordini.ordine",
    "pk": 133,
    "fields": {
      "numero_progressivo": "20250725-0014",
      "data_ora": "2025-07-25T11:45:01.551443+00:00",
      "cliente": 42,
      "origine": "operatore",
      "tipo_consegna": "immediata",
      "ora_consegna_richiesta": null,
      "ora_consegna_prevista": "2025-07-25T15:25:01.568722+00:00",
      "tempo_attesa_minuti": 220,
      "totale": 22.0,
      "sconto_applicato": null,
      "importo_sconto": 0.0,
      "totale_finale": 22.0,
      "punti_fedelta_generati": 0,
      "stato_pagamento": "non_pagato",
      "importo_pagato": 0.0,
      "metodo_pagamento": "contanti",
      "data_scadenza_pagamento": null,
      "nota": "",
      "tipo_auto": "MERCEDES GLE",
      "stato": "completato",
      "operatore": [
        "daniele"
      ],
      "creato_il": "2025-07-25T11:45:01.551443+00:00",
      "aggiornato_il": "2025-07-25T17:28:47.023846+00:00"
    }
  },
  {
    "model": "ordini.ordine",
    "pk": 132,
    "fields": {
      "numero_progressivo": "20250725-0013",
      "data_ora": "2025-07-25T11:44:45.641862+00:00",
      "cliente": 42,
      "origine": "operatore",
      "tipo_consegna": "immediata",
      "ora_consegna_richiesta": null,
      "ora_consegna_prevista": "2025-07-25T14:40:45.658862+00:00",
      "tempo_attesa_minuti": 176,
      "totale": 22.0,
      "sconto_applicato": null,
      "importo_sconto": 0.0,
      "totale_finale": 22.0,
      "punti_fedelta_generati": 0,
      "stato_pagamento": "non_pagato",
      "importo_pagato": 0.0,
      "metodo_pagamento": "contanti",
      "data_scadenza_pagamento": null,
      "nota": "",
      "tipo_auto": "BMW X3 NERA",
      "stato": "completato",
      "operatore": [
        "daniele"
      ],
      "creato_il": "2025-07-25T11:44:45.641862+00:00",
      "aggiornato_il": "2025-07-25T15:13:42.298340+00:00"
    }
  },
  {
    "model": "ordini.ordine",
    "pk": 131,
    "fields": {
      "numero_progressivo": "20250725-0012",
      "data_ora": "2025-07-25T11:16:10.886641+00:00",
      "cliente": 44,
      "origine": "operatore",
      "tipo_consegna": "programmata",
      "ora_consegna_richiesta": "18:00:00",
      "ora_consegna_prevista": "2025-07-25T13:28:10.900640+00:00",
      "tempo_attesa_minuti": 132,
      "totale": 20.0,
      "sconto_applicato": null,
      "importo_sconto": 0.0,
      "totale_finale": 20.0,
      "punti_fedelta_generati": 0,
      "stato_pagamento": "non_pagato",
      "importo_pagato": 0.0,
      "metodo_pagamento": "contanti",
      "data_scadenza_pagamento": null,
      "nota": "",
      "tipo_auto": "Panda nera",
      "stato": "completato",
      "operatore": [
        "daniele"
      ],
      "creato_il": "2025-07-25T11:16:10.887643+00:00",
      "aggiornato_il": "2025-07-25T15:14:11.722860+00:00"
    }
  },
  {
    "model": "ordini.ordine",
    "pk": 130,
    "fields": {
      "numero_progressivo": "20250725-0011",
      "data_ora": "2025-07-25T11:12:39.946013+00:00",
      "cliente": 43,
      "origine": "operatore",
      "tipo_consegna": "programmata",
      "ora_consegna_richiesta": "17:00:00",
      "ora_consegna_prevista": "2025-07-25T12:56:39.952013+00:00",
      "tempo_attesa_minuti": 104,
      "totale": 22.0,
      "sconto_applicato": null,
      "importo_sconto": 0.0,
      "totale_finale": 22.0,
      "punti_fedelta_generati": 2,
      "stato_pagamento": "pagato",
      "importo_pagato": 22.0,
      "metodo_pagamento": "contanti",
      "data_scadenza_pagamento": null,
      "nota": "",
      "tipo_auto": "Golf blu",
      "stato": "completato",
      "operatore": [
        "daniele"
      ],
      "creato_il": "2025-07-25T11:12:39.946013+00:00",
      "aggiornato_il": "2025-07-25T15:51:32.976767+00:00"
    }
  },
  {
    "model": "ordini.ordine",
    "pk": 129,
    "fields": {
      "numero_progressivo": "20250725-0010",
      "data_ora": "2025-07-25T10:40:22.155590+00:00",
      "cliente": 42,
      "origine": "operatore",
      "tipo_consegna": "immediata",
      "ora_consegna_richiesta": null,
      "ora_consegna_prevista": null,
      "tempo_attesa_minuti": 0,
      "totale": 8.0,
      "sconto_applicato": null,
      "importo_sconto": 0.0,
      "totale_finale": 8.0,
      "punti_fedelta_generati": 0,
      "stato_pagamento": "pagato",
      "importo_pagato": 8.0,
      "metodo_pagamento": "contanti",
      "data_scadenza_pagamento": null,
      "nota": "",
      "tipo_auto": "",
      "stato": "completato",
      "operatore": [
        "daniele"
      ],
      "creato_il": "2025-07-25T10:40:22.155590+00:00",
      "aggiornato_il": "2025-07-25T10:40:39.953556+00:00"
    }
  },
  {
    "model": "ordini.ordine",
    "pk": 127,
    "fields": {
      "numero_progressivo": "20250725-0009",
      "data_ora": "2025-07-25T10:39:00.923697+00:00",
      "cliente": 42,
      "origine": "operatore",
      "tipo_consegna": "immediata",
      "ora_consegna_richiesta": null,
      "ora_consegna_prevista": "2025-07-25T11:39:00.934049+00:00",
      "tempo_attesa_minuti": 60,
      "totale": 14.0,
      "sconto_applicato": null,
      "importo_sconto": 0.0,
      "totale_finale": 14.0,
      "punti_fedelta_generati": 1,
      "stato_pagamento": "pagato",
      "importo_pagato": 14.0,
      "metodo_pagamento": "contanti",
      "data_scadenza_pagamento": null,
      "nota": "",
      "tipo_auto": "CLASSE G",
      "stato": "completato",
      "operatore": [
        "daniele"
      ],
      "creato_il": "2025-07-25T10:39:00.923697+00:00",
      "aggiornato_il": "2025-07-25T11:13:24.921969+00:00"
    }
  },
  {
    "model": "ordini.ordine",
    "pk": 125,
    "fields": {
      "numero_progressivo": "20250725-0008",
      "data_ora": "2025-07-25T09:40:17.253920+00:00",
      "cliente": 46,
      "origine": "operatore",
      "tipo_consegna": "programmata",
      "ora_consegna_richiesta": "18:00:00",
      "ora_consegna_prevista": "2025-07-25T11:13:17+00:00",
      "tempo_attesa_minuti": 93,
      "totale": 22.0,
      "sconto_applicato": null,
      "importo_sconto": 0.0,
      "totale_finale": 22.0,
      "punti_fedelta_generati": 2,
      "stato_pagamento": "pagato",
      "importo_pagato": 22.0,
      "metodo_pagamento": "contanti",
      "data_scadenza_pagamento": null,
      "nota": "",
      "tipo_auto": "scenic grigia",
      "stato": "completato",
      "operatore": [
        "daniele"
      ],
      "creato_il": "2025-07-25T09:40:17.254920+00:00",
      "aggiornato_il": "2025-07-25T15:14:28.504931+00:00"
    }
  },
  {
    "model": "ordini.ordine",
    "pk": 124,
    "fields": {
      "numero_progressivo": "20250725-0007",
      "data_ora": "2025-07-25T08:26:35.530291+00:00",
      "cliente": 42,
      "origine": "operatore",
      "tipo_consegna": "immediata",
      "ora_consegna_richiesta": null,
      "ora_consegna_prevista": "2025-07-25T11:27:35.551239+00:00",
      "tempo_attesa_minuti": 181,
      "totale": 22.0,
      "sconto_applicato": null,
      "importo_sconto": 0.0,
      "totale_finale": 22.0,
      "punti_fedelta_generati": 2,
      "stato_pagamento": "pagato",
      "importo_pagato": 22.0,
      "metodo_pagamento": "contanti",
      "data_scadenza_pagamento": null,
      "nota": "",
      "tipo_auto": "Audi bianca",
      "stato": "completato",
      "operatore": [
        "daniele"
      ],
      "creato_il": "2025-07-25T08:26:35.530291+00:00",
      "aggiornato_il": "2025-07-25T09:38:52.479177+00:00"
    }
  },
  {
    "model": "ordini.ordine",
    "pk": 123,
    "fields": {
      "numero_progressivo": "20250725-0006",
      "data_ora": "2025-07-25T08:26:16.443740+00:00",
      "cliente": 42,
      "origine": "operatore",
      "tipo_consegna": "immediata",
      "ora_consegna_richiesta": null,
      "ora_consegna_prevista": "2025-07-25T10:43:16.456724+00:00",
      "tempo_attesa_minuti": 137,
      "totale": 25.0,
      "sconto_applicato": null,
      "importo_sconto": 0.0,
      "totale_finale": 25.0,
      "punti_fedelta_generati": 2,
      "stato_pagamento": "pagato",
      "importo_pagato": 25.0,
      "metodo_pagamento": "contanti",
      "data_scadenza_pagamento": null,
      "nota": "",
      "tipo_auto": "Porsche Nera",
      "stato": "completato",
      "operatore": [
        "daniele"
      ],
      "creato_il": "2025-07-25T08:26:16.444739+00:00",
      "aggiornato_il": "2025-07-25T10:36:44.253789+00:00"
    }
  },
  {
    "model": "ordini.ordine",
    "pk": 122,
    "fields": {
      "numero_progressivo": "20250725-0005",
      "data_ora": "2025-07-25T07:36:24.421802+00:00",
      "cliente": 37,
      "origine": "operatore",
      "tipo_consegna": "immediata",
      "ora_consegna_richiesta": null,
      "ora_consegna_prevista": "2025-07-25T09:48:24.426799+00:00",
      "tempo_attesa_minuti": 132,
      "totale": 22.0,
      "sconto_applicato": null,
      "importo_sconto": 0.0,
      "totale_finale": 22.0,
      "punti_fedelta_generati": 2,
      "stato_pagamento": "pagato",
      "importo_pagato": 22.0,
      "metodo_pagamento": "contanti",
      "data_scadenza_pagamento": null,
      "nota": "",
      "tipo_auto": "Citroen grigia",
      "stato": "completato",
      "operatore": [
        "daniele"
      ],
      "creato_il": "2025-07-25T07:36:24.421802+00:00",
      "aggiornato_il": "2025-07-25T08:35:19.894666+00:00"
    }
  },
  {
    "model": "ordini.ordine",
    "pk": 121,
    "fields": {
      "numero_progressivo": "20250725-0004",
      "data_ora": "2025-07-25T07:28:08.133343+00:00",
      "cliente": 33,
      "origine": "operatore",
      "tipo_consegna": "immediata",
      "ora_consegna_richiesta": null,
      "ora_consegna_prevista": "2025-07-25T09:40:08.140309+00:00",
      "tempo_attesa_minuti": 132,
      "totale": 22.0,
      "sconto_applicato": null,
      "importo_sconto": 0.0,
      "totale_finale": 22.0,
      "punti_fedelta_generati": 2,
      "stato_pagamento": "pagato",
      "importo_pagato": 22.0,
      "metodo_pagamento": "contanti",
      "data_scadenza_pagamento": null,
      "nota": "",
      "tipo_auto": "Ford focus grigia ",
      "stato": "completato",
      "operatore": [
        "daniele"
      ],
      "creato_il": "2025-07-25T07:28:08.133343+00:00",
      "aggiornato_il": "2025-07-25T08:45:49.564338+00:00"
    }
  },
  {
    "model": "ordini.ordine",
    "pk": 119,
    "fields": {
      "numero_progressivo": "20250725-0002",
      "data_ora": "2025-07-25T07:03:55.102636+00:00",
      "cliente": null,
      "origine": "operatore",
      "tipo_consegna": "immediata",
      "ora_consegna_richiesta": null,
      "ora_consegna_prevista": "2025-07-25T08:31:55.110636+00:00",
      "tempo_attesa_minuti": 88,
      "totale": 22.0,
      "sconto_applicato": null,
      "importo_sconto": 0.0,
      "totale_finale": 22.0,
      "punti_fedelta_generati": 0,
      "stato_pagamento": "pagato",
      "importo_pagato": 22.0,
      "metodo_pagamento": "contanti",
      "data_scadenza_pagamento": null,
      "nota": "",
      "tipo_auto": "bmw X4 bianca",
      "stato": "completato",
      "operatore": [
        "daniele"
      ],
      "creato_il": "2025-07-25T07:03:55.102636+00:00",
      "aggiornato_il": "2025-07-25T08:12:49.405530+00:00"
    }
  },
  {
    "model": "ordini.ordine",
    "pk": 117,
    "fields": {
      "numero_progressivo": "20250723-0022",
      "data_ora": "2025-07-23T18:24:25.689927+00:00",
      "cliente": null,
      "origine": "operatore",
      "tipo_consegna": "immediata",
      "ora_consegna_richiesta": null,
      "ora_consegna_prevista": "2025-07-23T19:08:25.702894+00:00",
      "tempo_attesa_minuti": 44,
      "totale": 20.0,
      "sconto_applicato": null,
      "importo_sconto": 0.0,
      "totale_finale": 20.0,
      "punti_fedelta_generati": 0,
      "stato_pagamento": "pagato",
      "importo_pagato": 20.0,
      "metodo_pagamento": "contanti",
      "data_scadenza_pagamento": null,
      "nota": "",
      "tipo_auto": "Fiat panda Nera",
      "stato": "completato",
      "operatore": [
        "daniele"
      ],
      "creato_il": "2025-07-23T18:24:25.689927+00:00",
      "aggiornato_il": "2025-07-23T18:24:46.195881+00:00"
    }
  },
  {
    "model": "ordini.ordine",
    "pk": 116,
    "fields": {
      "numero_progressivo": "20250723-0021",
      "data_ora": "2025-07-23T16:40:05.808472+00:00",
      "cliente": null,
      "origine": "operatore",
      "tipo_consegna": "immediata",
      "ora_consegna_richiesta": null,
      "ora_consegna_prevista": "2025-07-23T18:08:05.829436+00:00",
      "tempo_attesa_minuti": 88,
      "totale": 20.0,
      "sconto_applicato": null,
      "importo_sconto": 0.0,
      "totale_finale": 20.0,
      "punti_fedelta_generati": 0,
      "stato_pagamento": "pagato",
      "importo_pagato": 20.0,
      "metodo_pagamento": "contanti",
      "data_scadenza_pagamento": null,
      "nota": "",
      "tipo_auto": "Fiat panda bianca",
      "stato": "completato",
      "operatore": [
        "daniele"
      ],
      "creato_il": "2025-07-23T16:40:05.809471+00:00",
      "aggiornato_il": "2025-07-23T17:31:51.975160+00:00"
    }
  },
  {
    "model": "ordini.ordine",
    "pk": 115,
    "fields": {
      "numero_progressivo": "20250723-0020",
      "data_ora": "2025-07-23T16:32:57.838478+00:00",
      "cliente": null,
      "origine": "operatore",
      "tipo_consegna": "immediata",
      "ora_consegna_richiesta": null,
      "ora_consegna_prevista": "2025-07-23T17:16:57.852220+00:00",
      "tempo_attesa_minuti": 44,
      "totale": 22.0,
      "sconto_applicato": null,
      "importo_sconto": 0.0,
      "totale_finale": 22.0,
      "punti_fedelta_generati": 0,
      "stato_pagamento": "pagato",
      "importo_pagato": 35.0,
      "metodo_pagamento": "contanti",
      "data_scadenza_pagamento": null,
      "nota": "",
      "tipo_auto": "SORTINO COMPASS NERO",
      "stato": "completato",
      "operatore": [
        "daniele"
      ],
      "creato_il": "2025-07-23T16:32:57.838478+00:00",
      "aggiornato_il": "2025-07-23T17:30:17.669377+00:00"
    }
  },
  {
    "model": "ordini.ordine",
    "pk": 114,
    "fields": {
      "numero_progressivo": "20250723-0019",
      "data_ora": "2025-07-23T16:31:28.014894+00:00",
      "cliente": null,
      "origine": "operatore",
      "tipo_consegna": "immediata",
      "ora_consegna_richiesta": null,
      "ora_consegna_prevista": "2025-07-23T17:15:28.023892+00:00",
      "tempo_attesa_minuti": 44,
      "totale": 22.0,
      "sconto_applicato": null,
      "importo_sconto": 0.0,
      "totale_finale": 22.0,
      "punti_fedelta_generati": 0,
      "stato_pagamento": "pagato",
      "importo_pagato": 22.0,
      "metodo_pagamento": "contanti",
      "data_scadenza_pagamento": null,
      "nota": "",
      "tipo_auto": "bmw nero",
      "stato": "completato",
      "operatore": [
        "daniele"
      ],
      "creato_il": "2025-07-23T16:31:28.015898+00:00",
      "aggiornato_il": "2025-07-23T16:31:45.116216+00:00"
    }
  },
  {
    "model": "ordini.ordine",
    "pk": 113,
    "fields": {
      "numero_progressivo": "20250723-0018",
      "data_ora": "2025-07-23T16:06:54.757492+00:00",
      "cliente": null,
      "origine": "operatore",
      "tipo_consegna": "immediata",
      "ora_consegna_richiesta": null,
      "ora_consegna_prevista": "2025-07-23T17:34:54.763488+00:00",
      "tempo_attesa_minuti": 88,
      "totale": 22.0,
      "sconto_applicato": null,
      "importo_sconto": 0.0,
      "totale_finale": 22.0,
      "punti_fedelta_generati": 0,
      "stato_pagamento": "pagato",
      "importo_pagato": 22.0,
      "metodo_pagamento": "contanti",
      "data_scadenza_pagamento": null,
      "nota": "",
      "tipo_auto": "CAPTUR GRIGIA",
      "stato": "completato",
      "operatore": [
        "daniele"
      ],
      "creato_il": "2025-07-23T16:06:54.757492+00:00",
      "aggiornato_il": "2025-07-23T16:07:09.232422+00:00"
    }
  },
  {
    "model": "ordini.ordine",
    "pk": 112,
    "fields": {
      "numero_progressivo": "20250723-0017",
      "data_ora": "2025-07-23T16:05:59.857587+00:00",
      "cliente": null,
      "origine": "operatore",
      "tipo_consegna": "immediata",
      "ora_consegna_richiesta": null,
      "ora_consegna_prevista": "2025-07-23T17:33:59.862587+00:00",
      "tempo_attesa_minuti": 88,
      "totale": 22.0,
      "sconto_applicato": null,
      "importo_sconto": 0.0,
      "totale_finale": 22.0,
      "punti_fedelta_generati": 0,
      "stato_pagamento": "pagato",
      "importo_pagato": 22.0,
      "metodo_pagamento": "contanti",
      "data_scadenza_pagamento": null,
      "nota": "",
      "tipo_auto": "PEUGEOT BIANCA",
      "stato": "completato",
      "operatore": [
        "daniele"
      ],
      "creato_il": "2025-07-23T16:05:59.857587+00:00",
      "aggiornato_il": "2025-07-23T16:06:11.557451+00:00"
    }
  },
  {
    "model": "ordini.ordine",
    "pk": 111,
    "fields": {
      "numero_progressivo": "20250723-0016",
      "data_ora": "2025-07-23T15:57:31.348136+00:00",
      "cliente": null,
      "origine": "operatore",
      "tipo_consegna": "immediata",
      "ora_consegna_richiesta": null,
      "ora_consegna_prevista": "2025-07-23T16:41:31.355153+00:00",
      "tempo_attesa_minuti": 44,
      "totale": 22.0,
      "sconto_applicato": null,
      "importo_sconto": 0.0,
      "totale_finale": 22.0,
      "punti_fedelta_generati": 0,
      "stato_pagamento": "pagato",
      "importo_pagato": 22.0,
      "metodo_pagamento": "contanti",
      "data_scadenza_pagamento": null,
      "nota": "",
      "tipo_auto": "AMEDEO CLIO NERA",
      "stato": "completato",
      "operatore": [
        "daniele"
      ],
      "creato_il": "2025-07-23T15:57:31.349138+00:00",
      "aggiornato_il": "2025-07-23T16:28:46.933564+00:00"
    }
  },
  {
    "model": "ordini.ordine",
    "pk": 110,
    "fields": {
      "numero_progressivo": "20250723-0015",
      "data_ora": "2025-07-23T15:32:39.088900+00:00",
      "cliente": null,
      "origine": "operatore",
      "tipo_consegna": "immediata",
      "ora_consegna_richiesta": null,
      "ora_consegna_prevista": "2025-07-23T16:16:39.097805+00:00",
      "tempo_attesa_minuti": 44,
      "totale": 22.0,
      "sconto_applicato": null,
      "importo_sconto": 0.0,
      "totale_finale": 22.0,
      "punti_fedelta_generati": 0,
      "stato_pagamento": "pagato",
      "importo_pagato": 25.0,
      "metodo_pagamento": "contanti",
      "data_scadenza_pagamento": null,
      "nota": "",
      "tipo_auto": "CIPOLLA MARCEDES NERO ",
      "stato": "completato",
      "operatore": [
        "daniele"
      ],
      "creato_il": "2025-07-23T15:32:39.088900+00:00",
      "aggiornato_il": "2025-07-23T16:10:22.517395+00:00"
    }
  },
  {
    "model": "ordini.ordine",
    "pk": 109,
    "fields": {
      "numero_progressivo": "20250723-0014",
      "data_ora": "2025-07-23T15:24:41.005037+00:00",
      "cliente": null,
      "origine": "operatore",
      "tipo_consegna": "immediata",
      "ora_consegna_richiesta": null,
      "ora_consegna_prevista": "2025-07-23T16:08:41.018337+00:00",
      "tempo_attesa_minuti": 44,
      "totale": 22.0,
      "sconto_applicato": null,
      "importo_sconto": 0.0,
      "totale_finale": 22.0,
      "punti_fedelta_generati": 0,
      "stato_pagamento": "pagato",
      "importo_pagato": 22.0,
      "metodo_pagamento": "contanti",
      "data_scadenza_pagamento": null,
      "nota": "",
      "tipo_auto": "TRIGLIA NISSAN BIANCA",
      "stato": "completato",
      "operatore": [
        "daniele"
      ],
      "creato_il": "2025-07-23T15:24:41.005037+00:00",
      "aggiornato_il": "2025-07-23T15:24:56.720392+00:00"
    }
  },
  {
    "model": "ordini.ordine",
    "pk": 108,
    "fields": {
      "numero_progressivo": "20250723-0013",
      "data_ora": "2025-07-23T15:23:48.162022+00:00",
      "cliente": null,
      "origine": "operatore",
      "tipo_consegna": "immediata",
      "ora_consegna_richiesta": null,
      "ora_consegna_prevista": "2025-07-23T16:07:48.168020+00:00",
      "tempo_attesa_minuti": 44,
      "totale": 22.0,
      "sconto_applicato": null,
      "importo_sconto": 0.0,
      "totale_finale": 22.0,
      "punti_fedelta_generati": 0,
      "stato_pagamento": "pagato",
      "importo_pagato": 22.0,
      "metodo_pagamento": "contanti",
      "data_scadenza_pagamento": null,
      "nota": "",
      "tipo_auto": "LAND ROVER",
      "stato": "completato",
      "operatore": [
        "daniele"
      ],
      "creato_il": "2025-07-23T15:23:48.162022+00:00",
      "aggiornato_il": "2025-07-23T15:24:03.906931+00:00"
    }
  },
  {
    "model": "ordini.ordine",
    "pk": 107,
    "fields": {
      "numero_progressivo": "20250723-0012",
      "data_ora": "2025-07-23T11:02:49.973517+00:00",
      "cliente": 28,
      "origine": "operatore",
      "tipo_consegna": "immediata",
      "ora_consegna_richiesta": null,
      "ora_consegna_prevista": "2025-07-23T13:14:50.000262+00:00",
      "tempo_attesa_minuti": 132,
      "totale": 77.0,
      "sconto_applicato": null,
      "importo_sconto": 0.0,
      "totale_finale": 77.0,
      "punti_fedelta_generati": 0,
      "stato_pagamento": "non_pagato",
      "importo_pagato": 0.0,
      "metodo_pagamento": "contanti",
      "data_scadenza_pagamento": null,
      "nota": "",
      "tipo_auto": "500X",
      "stato": "completato",
      "operatore": [
        "daniele"
      ],
      "creato_il": "2025-07-23T11:02:49.973517+00:00",
      "aggiornato_il": "2025-07-23T14:08:34.158866+00:00"
    }
  },
  {
    "model": "ordini.ordine",
    "pk": 106,
    "fields": {
      "numero_progressivo": "20250723-0011",
      "data_ora": "2025-07-23T10:33:47.123111+00:00",
      "cliente": null,
      "origine": "operatore",
      "tipo_consegna": "immediata",
      "ora_consegna_richiesta": null,
      "ora_consegna_prevista": "2025-07-23T13:01:47.127115+00:00",
      "tempo_attesa_minuti": 148,
      "totale": 14.0,
      "sconto_applicato": null,
      "importo_sconto": 0.0,
      "totale_finale": 14.0,
      "punti_fedelta_generati": 0,
      "stato_pagamento": "pagato",
      "importo_pagato": 14.0,
      "metodo_pagamento": "contanti",
      "data_scadenza_pagamento": null,
      "nota": "PULIZIA CRUSCOTTO ",
      "tipo_auto": "PICK-UP NERO",
      "stato": "completato",
      "operatore": [
        "daniele"
      ],
      "creato_il": "2025-07-23T10:33:47.123111+00:00",
      "aggiornato_il": "2025-07-23T10:38:39.609236+00:00"
    }
  },
  {
    "model": "ordini.ordine",
    "pk": 105,
    "fields": {
      "numero_progressivo": "20250723-0010",
      "data_ora": "2025-07-23T10:09:23.874753+00:00",
      "cliente": null,
      "origine": "operatore",
      "tipo_consegna": "immediata",
      "ora_consegna_richiesta": null,
      "ora_consegna_prevista": "2025-07-23T12:21:23.881338+00:00",
      "tempo_attesa_minuti": 132,
      "totale": 22.0,
      "sconto_applicato": null,
      "importo_sconto": 0.0,
      "totale_finale": 22.0,
      "punti_fedelta_generati": 0,
      "stato_pagamento": "pagato",
      "importo_pagato": 22.0,
      "metodo_pagamento": "contanti",
      "data_scadenza_pagamento": null,
      "nota": "",
      "tipo_auto": "BORA GRIGIA",
      "stato": "completato",
      "operatore": [
        "daniele"
      ],
      "creato_il": "2025-07-23T10:09:23.874753+00:00",
      "aggiornato_il": "2025-07-23T11:57:16.237545+00:00"
    }
  },
  {
    "model": "ordini.ordine",
    "pk": 104,
    "fields": {
      "numero_progressivo": "20250723-0009",
      "data_ora": "2025-07-23T09:49:05.153606+00:00",
      "cliente": 26,
      "origine": "operatore",
      "tipo_consegna": "immediata",
      "ora_consegna_richiesta": null,
      "ora_consegna_prevista": "2025-07-23T11:17:05.171605+00:00",
      "tempo_attesa_minuti": 88,
      "totale": 22.0,
      "sconto_applicato": null,
      "importo_sconto": 0.0,
      "totale_finale": 22.0,
      "punti_fedelta_generati": 2,
      "stato_pagamento": "pagato",
      "importo_pagato": 22.0,
      "metodo_pagamento": "contanti",
      "data_scadenza_pagamento": null,
      "nota": "PAGA 23.50",
      "tipo_auto": "AUDI BIANCA",
      "stato": "completato",
      "operatore": [
        "daniele"
      ],
      "creato_il": "2025-07-23T09:49:05.153606+00:00",
      "aggiornato_il": "2025-07-23T11:01:22.747322+00:00"
    }
  },
  {
    "model": "ordini.ordine",
    "pk": 103,
    "fields": {
      "numero_progressivo": "20250723-0008",
      "data_ora": "2025-07-23T09:04:56.342833+00:00",
      "cliente": null,
      "origine": "operatore",
      "tipo_consegna": "immediata",
      "ora_consegna_richiesta": null,
      "ora_consegna_prevista": "2025-07-23T10:32:56.349832+00:00",
      "tempo_attesa_minuti": 88,
      "totale": 22.0,
      "sconto_applicato": null,
      "importo_sconto": 0.0,
      "totale_finale": 22.0,
      "punti_fedelta_generati": 0,
      "stato_pagamento": "pagato",
      "importo_pagato": 25.0,
      "metodo_pagamento": "contanti",
      "data_scadenza_pagamento": null,
      "nota": "",
      "tipo_auto": "bmw verde",
      "stato": "completato",
      "operatore": [
        "daniele"
      ],
      "creato_il": "2025-07-23T09:04:56.342833+00:00",
      "aggiornato_il": "2025-07-23T10:39:14.430341+00:00"
    }
  },
  {
    "model": "ordini.ordine",
    "pk": 102,
    "fields": {
      "numero_progressivo": "20250723-0007",
      "data_ora": "2025-07-23T07:45:27.664735+00:00",
      "cliente": 24,
      "origine": "operatore",
      "tipo_consegna": "immediata",
      "ora_consegna_richiesta": null,
      "ora_consegna_prevista": "2025-07-23T08:29:27.677757+00:00",
      "tempo_attesa_minuti": 44,
      "totale": 22.0,
      "sconto_applicato": null,
      "importo_sconto": 0.0,
      "totale_finale": 22.0,
      "punti_fedelta_generati": 2,
      "stato_pagamento": "pagato",
      "importo_pagato": 22.0,
      "metodo_pagamento": "carta",
      "data_scadenza_pagamento": null,
      "nota": "",
      "tipo_auto": "bmw nera",
      "stato": "completato",
      "operatore": [
        "daniele"
      ],
      "creato_il": "2025-07-23T07:45:27.664735+00:00",
      "aggiornato_il": "2025-07-23T10:39:31.737783+00:00"
    }
  },
  {
    "model": "ordini.ordine",
    "pk": 101,
    "fields": {
      "numero_progressivo": "20250723-0006",
      "data_ora": "2025-07-23T07:37:36.400256+00:00",
      "cliente": 23,
      "origine": "operatore",
      "tipo_consegna": "programmata",
      "ora_consegna_richiesta": "18:00:00",
      "ora_consegna_prevista": "2025-07-23T09:31:36.406259+00:00",
      "tempo_attesa_minuti": 114,
      "totale": 22.0,
      "sconto_applicato": null,
      "importo_sconto": 0.0,
      "totale_finale": 22.0,
      "punti_fedelta_generati": 2,
      "stato_pagamento": "pagato",
      "importo_pagato": 22.0,
      "metodo_pagamento": "contanti",
      "data_scadenza_pagamento": null,
      "nota": "Non vuole toccato parasole lato guida e anche nel cassetto a sinistra dello sterzo ",
      "tipo_auto": "Fiat punto nera",
      "stato": "completato",
      "operatore": [
        "daniele"
      ],
      "creato_il": "2025-07-23T07:37:36.400256+00:00",
      "aggiornato_il": "2025-07-23T15:56:25.348076+00:00"
    }
  },
  {
    "model": "ordini.itemordine",
    "pk": 128,
    "fields": {
      "ordine": 129,
      "servizio_prodotto": 12,
      "quantita": 2,
      "prezzo_unitario": 4.0,
      "postazione_assegnata": null,
      "stato": "completato",
      "inizio_lavorazione": null,
      "fine_lavorazione": "2025-07-25T10:40:39.968112+00:00"
    }
  },
  {
    "model": "ordini.itemordine",
    "pk": 95,
    "fields": {
      "ordine": 101,
      "servizio_prodotto": 1,
      "quantita": 1,
      "prezzo_unitario": 22.0,
      "postazione_assegnata": 3,
      "stato": "completato",
      "inizio_lavorazione": "2025-07-23T07:46:07.272319+00:00",
      "fine_lavorazione": "2025-07-25T06:50:33.584263+00:00"
    }
  },
  {
    "model": "ordini.itemordine",
    "pk": 97,
    "fields": {
      "ordine": 103,
      "servizio_prodotto": 1,
      "quantita": 1,
      "prezzo_unitario": 22.0,
      "postazione_assegnata": 3,
      "stato": "completato",
      "inizio_lavorazione": null,
      "fine_lavorazione": "2025-07-25T06:50:33.567262+00:00"
    }
  },
  {
    "model": "ordini.itemordine",
    "pk": 99,
    "fields": {
      "ordine": 105,
      "servizio_prodotto": 1,
      "quantita": 1,
      "prezzo_unitario": 22.0,
      "postazione_assegnata": 3,
      "stato": "completato",
      "inizio_lavorazione": null,
      "fine_lavorazione": "2025-07-25T06:50:33.550258+00:00"
    }
  },
  {
    "model": "ordini.itemordine",
    "pk": 100,
    "fields": {
      "ordine": 106,
      "servizio_prodotto": 4,
      "quantita": 1,
      "prezzo_unitario": 14.0,
      "postazione_assegnata": 3,
      "stato": "completato",
      "inizio_lavorazione": null,
      "fine_lavorazione": "2025-07-25T06:50:33.541256+00:00"
    }
  },
  {
    "model": "ordini.itemordine",
    "pk": 102,
    "fields": {
      "ordine": 107,
      "servizio_prodotto": 28,
      "quantita": 1,
      "prezzo_unitario": 50.0,
      "postazione_assegnata": 3,
      "stato": "completato",
      "inizio_lavorazione": null,
      "fine_lavorazione": "2025-07-25T06:50:33.523262+00:00"
    }
  },
  {
    "model": "ordini.itemordine",
    "pk": 103,
    "fields": {
      "ordine": 107,
      "servizio_prodotto": 40,
      "quantita": 1,
      "prezzo_unitario": 5.0,
      "postazione_assegnata": 3,
      "stato": "completato",
      "inizio_lavorazione": null,
      "fine_lavorazione": "2025-07-25T06:50:33.527261+00:00"
    }
  },
  {
    "model": "ordini.itemordine",
    "pk": 107,
    "fields": {
      "ordine": 111,
      "servizio_prodotto": 1,
      "quantita": 1,
      "prezzo_unitario": 22.0,
      "postazione_assegnata": 3,
      "stato": "completato",
      "inizio_lavorazione": null,
      "fine_lavorazione": "2025-07-25T06:50:33.495260+00:00"
    }
  },
  {
    "model": "ordini.itemordine",
    "pk": 109,
    "fields": {
      "ordine": 113,
      "servizio_prodotto": 1,
      "quantita": 1,
      "prezzo_unitario": 22.0,
      "postazione_assegnata": 3,
      "stato": "completato",
      "inizio_lavorazione": null,
      "fine_lavorazione": "2025-07-25T06:50:33.477742+00:00"
    }
  },
  {
    "model": "ordini.itemordine",
    "pk": 111,
    "fields": {
      "ordine": 115,
      "servizio_prodotto": 1,
      "quantita": 1,
      "prezzo_unitario": 22.0,
      "postazione_assegnata": 3,
      "stato": "completato",
      "inizio_lavorazione": null,
      "fine_lavorazione": "2025-07-25T06:50:33.462742+00:00"
    }
  },
  {
    "model": "ordini.itemordine",
    "pk": 112,
    "fields": {
      "ordine": 116,
      "servizio_prodotto": 45,
      "quantita": 1,
      "prezzo_unitario": 20.0,
      "postazione_assegnata": 3,
      "stato": "completato",
      "inizio_lavorazione": null,
      "fine_lavorazione": "2025-07-25T06:50:33.456742+00:00"
    }
  },
  {
    "model": "ordini.itemordine",
    "pk": 113,
    "fields": {
      "ordine": 117,
      "servizio_prodotto": 45,
      "quantita": 1,
      "prezzo_unitario": 20.0,
      "postazione_assegnata": 3,
      "stato": "completato",
      "inizio_lavorazione": null,
      "fine_lavorazione": "2025-07-25T06:50:33.448741+00:00"
    }
  },
  {
    "model": "ordini.itemordine",
    "pk": 115,
    "fields": {
      "ordine": 119,
      "servizio_prodotto": 1,
      "quantita": 1,
      "prezzo_unitario": 22.0,
      "postazione_assegnata": 3,
      "stato": "completato",
      "inizio_lavorazione": null,
      "fine_lavorazione": "2025-07-25T08:12:49.416911+00:00"
    }
  },
  {
    "model": "ordini.itemordine",
    "pk": 117,
    "fields": {
      "ordine": 121,
      "servizio_prodotto": 1,
      "quantita": 1,
      "prezzo_unitario": 22.0,
      "postazione_assegnata": 3,
      "stato": "completato",
      "inizio_lavorazione": null,
      "fine_lavorazione": "2025-07-25T08:45:49.576814+00:00"
    }
  },
  {
    "model": "ordini.itemordine",
    "pk": 118,
    "fields": {
      "ordine": 122,
      "servizio_prodotto": 1,
      "quantita": 1,
      "prezzo_unitario": 22.0,
      "postazione_assegnata": 3,
      "stato": "completato",
      "inizio_lavorazione": null,
      "fine_lavorazione": "2025-07-25T08:35:19.908604+00:00"
    }
  },
  {
    "model": "ordini.itemordine",
    "pk": 119,
    "fields": {
      "ordine": 123,
      "servizio_prodotto": 47,
      "quantita": 1,
      "prezzo_unitario": 25.0,
      "postazione_assegnata": 3,
      "stato": "completato",
      "inizio_lavorazione": null,
      "fine_lavorazione": "2025-07-25T10:36:44.272423+00:00"
    }
  },
  {
    "model": "ordini.itemordine",
    "pk": 120,
    "fields": {
      "ordine": 124,
      "servizio_prodotto": 1,
      "quantita": 1,
      "prezzo_unitario": 22.0,
      "postazione_assegnata": 3,
      "stato": "completato",
      "inizio_lavorazione": null,
      "fine_lavorazione": "2025-07-25T09:38:52.500174+00:00"
    }
  },
  {
    "model": "ordini.itemordine",
    "pk": 121,
    "fields": {
      "ordine": 125,
      "servizio_prodotto": 1,
      "quantita": 1,
      "prezzo_unitario": 22.0,
      "postazione_assegnata": 3,
      "stato": "completato",
      "inizio_lavorazione": "2025-07-25T14:33:16.078765+00:00",
      "fine_lavorazione": "2025-07-25T15:14:28.517581+00:00"
    }
  },
  {
    "model": "ordini.itemordine",
    "pk": 126,
    "fields": {
      "ordine": 127,
      "servizio_prodotto": 4,
      "quantita": 1,
      "prezzo_unitario": 14.0,
      "postazione_assegnata": 3,
      "stato": "completato",
      "inizio_lavorazione": null,
      "fine_lavorazione": "2025-07-25T11:13:24.932965+00:00"
    }
  },
  {
    "model": "ordini.itemordine",
    "pk": 129,
    "fields": {
      "ordine": 130,
      "servizio_prodotto": 1,
      "quantita": 1,
      "prezzo_unitario": 22.0,
      "postazione_assegnata": 3,
      "stato": "completato",
      "inizio_lavorazione": "2025-07-25T14:33:13.814080+00:00",
      "fine_lavorazione": "2025-07-25T15:51:33.001755+00:00"
    }
  },
  {
    "model": "ordini.itemordine",
    "pk": 130,
    "fields": {
      "ordine": 131,
      "servizio_prodotto": 45,
      "quantita": 1,
      "prezzo_unitario": 20.0,
      "postazione_assegnata": 3,
      "stato": "completato",
      "inizio_lavorazione": null,
      "fine_lavorazione": "2025-07-25T15:14:11.743846+00:00"
    }
  },
  {
    "model": "ordini.itemordine",
    "pk": 131,
    "fields": {
      "ordine": 132,
      "servizio_prodotto": 1,
      "quantita": 1,
      "prezzo_unitario": 22.0,
      "postazione_assegnata": 3,
      "stato": "completato",
      "inizio_lavorazione": "2025-07-25T14:33:19.003142+00:00",
      "fine_lavorazione": "2025-07-25T15:13:42.317288+00:00"
    }
  },
  {
    "model": "ordini.itemordine",
    "pk": 132,
    "fields": {
      "ordine": 133,
      "servizio_prodotto": 1,
      "quantita": 1,
      "prezzo_unitario": 22.0,
      "postazione_assegnata": 3,
      "stato": "completato",
      "inizio_lavorazione": null,
      "fine_lavorazione": "2025-07-25T17:28:47.033851+00:00"
    }
  },
  {
    "model": "ordini.itemordine",
    "pk": 133,
    "fields": {
      "ordine": 134,
      "servizio_prodotto": 47,
      "quantita": 1,
      "prezzo_unitario": 25.0,
      "postazione_assegnata": 3,
      "stato": "completato",
      "inizio_lavorazione": null,
      "fine_lavorazione": "2025-07-25T16:11:52.264411+00:00"
    }
  },
  {
    "model": "ordini.itemordine",
    "pk": 134,
    "fields": {
      "ordine": 134,
      "servizio_prodotto": 46,
      "quantita": 10,
      "prezzo_unitario": 1.0,
      "postazione_assegnata": 3,
      "stato": "completato",
      "inizio_lavorazione": "2025-07-25T14:33:28.860068+00:00",
      "fine_lavorazione": "2025-07-25T16:11:52.269412+00:00"
    }
  },
  {
    "model": "ordini.itemordine",
    "pk": 135,
    "fields": {
      "ordine": 135,
      "servizio_prodotto": 1,
      "quantita": 1,
      "prezzo_unitario": 22.0,
      "postazione_assegnata": 3,
      "stato": "completato",
      "inizio_lavorazione": null,
      "fine_lavorazione": "2025-07-25T17:28:38.689983+00:00"
    }
  },
  {
    "model": "ordini.itemordine",
    "pk": 136,
    "fields": {
      "ordine": 136,
      "servizio_prodotto": 1,
      "quantita": 1,
      "prezzo_unitario": 22.0,
      "postazione_assegnata": 3,
      "stato": "completato",
      "inizio_lavorazione": "2025-07-25T13:05:04.295843+00:00",
      "fine_lavorazione": "2025-07-25T14:11:47.684223+00:00"
    }
  },
  {
    "model": "ordini.itemordine",
    "pk": 137,
    "fields": {
      "ordine": 137,
      "servizio_prodotto": 47,
      "quantita": 1,
      "prezzo_unitario": 25.0,
      "postazione_assegnata": 3,
      "stato": "completato",
      "inizio_lavorazione": null,
      "fine_lavorazione": "2025-07-25T17:28:23.118353+00:00"
    }
  },
  {
    "model": "ordini.itemordine",
    "pk": 96,
    "fields": {
      "ordine": 102,
      "servizio_prodotto": 1,
      "quantita": 1,
      "prezzo_unitario": 22.0,
      "postazione_assegnata": 2,
      "stato": "completato",
      "inizio_lavorazione": null,
      "fine_lavorazione": "2025-07-25T06:50:33.575258+00:00"
    }
  },
  {
    "model": "ordini.itemordine",
    "pk": 98,
    "fields": {
      "ordine": 104,
      "servizio_prodotto": 1,
      "quantita": 1,
      "prezzo_unitario": 22.0,
      "postazione_assegnata": 2,
      "stato": "completato",
      "inizio_lavorazione": null,
      "fine_lavorazione": "2025-07-25T06:50:33.559257+00:00"
    }
  },
  {
    "model": "ordini.itemordine",
    "pk": 101,
    "fields": {
      "ordine": 107,
      "servizio_prodotto": 1,
      "quantita": 1,
      "prezzo_unitario": 22.0,
      "postazione_assegnata": 2,
      "stato": "completato",
      "inizio_lavorazione": null,
      "fine_lavorazione": "2025-07-25T06:50:33.532261+00:00"
    }
  },
  {
    "model": "ordini.itemordine",
    "pk": 104,
    "fields": {
      "ordine": 108,
      "servizio_prodotto": 1,
      "quantita": 1,
      "prezzo_unitario": 22.0,
      "postazione_assegnata": 2,
      "stato": "completato",
      "inizio_lavorazione": null,
      "fine_lavorazione": "2025-07-25T06:50:33.516262+00:00"
    }
  },
  {
    "model": "ordini.itemordine",
    "pk": 105,
    "fields": {
      "ordine": 109,
      "servizio_prodotto": 1,
      "quantita": 1,
      "prezzo_unitario": 22.0,
      "postazione_assegnata": 2,
      "stato": "completato",
      "inizio_lavorazione": null,
      "fine_lavorazione": "2025-07-25T06:50:33.508259+00:00"
    }
  },
  {
    "model": "ordini.itemordine",
    "pk": 106,
    "fields": {
      "ordine": 110,
      "servizio_prodotto": 1,
      "quantita": 1,
      "prezzo_unitario": 22.0,
      "postazione_assegnata": 2,
      "stato": "completato",
      "inizio_lavorazione": null,
      "fine_lavorazione": "2025-07-25T06:50:33.502491+00:00"
    }
  },
  {
    "model": "ordini.itemordine",
    "pk": 108,
    "fields": {
      "ordine": 112,
      "servizio_prodotto": 1,
      "quantita": 1,
      "prezzo_unitario": 22.0,
      "postazione_assegnata": 2,
      "stato": "completato",
      "inizio_lavorazione": null,
      "fine_lavorazione": "2025-07-25T06:50:33.488269+00:00"
    }
  },
  {
    "model": "ordini.itemordine",
    "pk": 110,
    "fields": {
      "ordine": 114,
      "servizio_prodotto": 1,
      "quantita": 1,
      "prezzo_unitario": 22.0,
      "postazione_assegnata": 2,
      "stato": "completato",
      "inizio_lavorazione": null,
      "fine_lavorazione": "2025-07-25T06:50:33.470739+00:00"
    }
  },
  {
    "model": "ordini.pagamento",
    "pk": 99,
    "fields": {
      "ordine": 125,
      "importo": 22.0,
      "metodo": "contanti",
      "data_pagamento": "2025-07-25T19:20:31.382323+00:00",
      "riferimento": "",
      "nota": "",
      "operatore": [
        "daniele"
      ]
    }
  },
  {
    "model": "ordini.pagamento",
    "pk": 98,
    "fields": {
      "ordine": 135,
      "importo": 22.0,
      "metodo": "contanti",
      "data_pagamento": "2025-07-25T17:47:38.836632+00:00",
      "riferimento": "",
      "nota": "",
      "operatore": [
        "daniele"
      ]
    }
  },
  {
    "model": "ordini.pagamento",
    "pk": 97,
    "fields": {
      "ordine": 130,
      "importo": 22.0,
      "metodo": "contanti",
      "data_pagamento": "2025-07-25T15:51:27.656182+00:00",
      "riferimento": "",
      "nota": "",
      "operatore": [
        "daniele"
      ]
    }
  },
  {
    "model": "ordini.pagamento",
    "pk": 96,
    "fields": {
      "ordine": 136,
      "importo": 22.0,
      "metodo": "contanti",
      "data_pagamento": "2025-07-25T14:12:05.629114+00:00",
      "riferimento": "",
      "nota": "",
      "operatore": [
        "daniele"
      ]
    }
  },
  {
    "model": "ordini.pagamento",
    "pk": 95,
    "fields": {
      "ordine": 129,
      "importo": 8.0,
      "metodo": "contanti",
      "data_pagamento": "2025-07-25T10:40:47.021757+00:00",
      "riferimento": "",
      "nota": "",
      "operatore": [
        "daniele"
      ]
    }
  },
  {
    "model": "ordini.pagamento",
    "pk": 94,
    "fields": {
      "ordine": 127,
      "importo": 14.0,
      "metodo": "contanti",
      "data_pagamento": "2025-07-25T10:39:00.943048+00:00",
      "riferimento": "",
      "nota": "",
      "operatore": [
        "daniele"
      ]
    }
  },
  {
    "model": "ordini.pagamento",
    "pk": 93,
    "fields": {
      "ordine": 124,
      "importo": 22.0,
      "metodo": "contanti",
      "data_pagamento": "2025-07-25T10:37:34.778286+00:00",
      "riferimento": "",
      "nota": "",
      "operatore": [
        "daniele"
      ]
    }
  },
  {
    "model": "ordini.pagamento",
    "pk": 92,
    "fields": {
      "ordine": 123,
      "importo": 25.0,
      "metodo": "contanti",
      "data_pagamento": "2025-07-25T10:37:25.074657+00:00",
      "riferimento": "",
      "nota": "",
      "operatore": [
        "daniele"
      ]
    }
  },
  {
    "model": "ordini.pagamento",
    "pk": 90,
    "fields": {
      "ordine": 121,
      "importo": 22.0,
      "metodo": "carta",
      "data_pagamento": "2025-07-25T09:22:16.847020+00:00",
      "riferimento": "",
      "nota": "",
      "operatore": [
        "daniele"
      ]
    }
  },
  {
    "model": "ordini.pagamento",
    "pk": 89,
    "fields": {
      "ordine": 119,
      "importo": 22.0,
      "metodo": "contanti",
      "data_pagamento": "2025-07-25T08:12:57.106191+00:00",
      "riferimento": "",
      "nota": "",
      "operatore": [
        "daniele"
      ]
    }
  },
  {
    "model": "ordini.pagamento",
    "pk": 88,
    "fields": {
      "ordine": 122,
      "importo": 22.0,
      "metodo": "contanti",
      "data_pagamento": "2025-07-25T08:11:31.845221+00:00",
      "riferimento": "",
      "nota": "",
      "operatore": [
        "daniele"
      ]
    }
  },
  {
    "model": "ordini.pagamento",
    "pk": 86,
    "fields": {
      "ordine": 117,
      "importo": 20.0,
      "metodo": "contanti",
      "data_pagamento": "2025-07-23T18:24:25.715892+00:00",
      "riferimento": "",
      "nota": "",
      "operatore": [
        "daniele"
      ]
    }
  },
  {
    "model": "ordini.pagamento",
    "pk": 85,
    "fields": {
      "ordine": 116,
      "importo": 20.0,
      "metodo": "carta",
      "data_pagamento": "2025-07-23T17:31:14.165459+00:00",
      "riferimento": "",
      "nota": "",
      "operatore": [
        "daniele"
      ]
    }
  },
  {
    "model": "ordini.pagamento",
    "pk": 84,
    "fields": {
      "ordine": 115,
      "importo": 33.0,
      "metodo": "contanti",
      "data_pagamento": "2025-07-23T17:30:58.355824+00:00",
      "riferimento": "",
      "nota": "",
      "operatore": [
        "daniele"
      ]
    }
  },
  {
    "model": "ordini.pagamento",
    "pk": 83,
    "fields": {
      "ordine": 115,
      "importo": 2.0,
      "metodo": "contanti",
      "data_pagamento": "2025-07-23T17:30:31.166044+00:00",
      "riferimento": "",
      "nota": "",
      "operatore": [
        "daniele"
      ]
    }
  },
  {
    "model": "ordini.pagamento",
    "pk": 82,
    "fields": {
      "ordine": 101,
      "importo": 2.0,
      "metodo": "contanti",
      "data_pagamento": "2025-07-23T17:08:04.876742+00:00",
      "riferimento": "",
      "nota": "",
      "operatore": [
        "daniele"
      ]
    }
  },
  {
    "model": "ordini.pagamento",
    "pk": 81,
    "fields": {
      "ordine": 101,
      "importo": 20.0,
      "metodo": "contanti",
      "data_pagamento": "2025-07-23T17:07:52.332879+00:00",
      "riferimento": "",
      "nota": "",
      "operatore": [
        "daniele"
      ]
    }
  },
  {
    "model": "ordini.pagamento",
    "pk": 80,
    "fields": {
      "ordine": 114,
      "importo": 22.0,
      "metodo": "contanti",
      "data_pagamento": "2025-07-23T16:31:28.029891+00:00",
      "riferimento": "",
      "nota": "",
      "operatore": [
        "daniele"
      ]
    }
  },
  {
    "model": "ordini.pagamento",
    "pk": 79,
    "fields": {
      "ordine": 111,
      "importo": 22.0,
      "metodo": "contanti",
      "data_pagamento": "2025-07-23T16:30:33.365982+00:00",
      "riferimento": "",
      "nota": "",
      "operatore": [
        "daniele"
      ]
    }
  },
  {
    "model": "ordini.pagamento",
    "pk": 78,
    "fields": {
      "ordine": 112,
      "importo": 22.0,
      "metodo": "contanti",
      "data_pagamento": "2025-07-23T16:30:15.898933+00:00",
      "riferimento": "",
      "nota": "",
      "operatore": [
        "daniele"
      ]
    }
  },
  {
    "model": "ordini.pagamento",
    "pk": 77,
    "fields": {
      "ordine": 110,
      "importo": 25.0,
      "metodo": "carta",
      "data_pagamento": "2025-07-23T16:09:58.343306+00:00",
      "riferimento": "",
      "nota": "",
      "operatore": [
        "daniele"
      ]
    }
  },
  {
    "model": "ordini.pagamento",
    "pk": 76,
    "fields": {
      "ordine": 113,
      "importo": 22.0,
      "metodo": "contanti",
      "data_pagamento": "2025-07-23T16:06:54.768488+00:00",
      "riferimento": "",
      "nota": "",
      "operatore": [
        "daniele"
      ]
    }
  },
  {
    "model": "ordini.pagamento",
    "pk": 75,
    "fields": {
      "ordine": 109,
      "importo": 22.0,
      "metodo": "contanti",
      "data_pagamento": "2025-07-23T15:24:41.031276+00:00",
      "riferimento": "",
      "nota": "",
      "operatore": [
        "daniele"
      ]
    }
  },
  {
    "model": "ordini.pagamento",
    "pk": 74,
    "fields": {
      "ordine": 108,
      "importo": 22.0,
      "metodo": "contanti",
      "data_pagamento": "2025-07-23T15:23:48.174005+00:00",
      "riferimento": "",
      "nota": "",
      "operatore": [
        "daniele"
      ]
    }
  },
  {
    "model": "ordini.pagamento",
    "pk": 73,
    "fields": {
      "ordine": 105,
      "importo": 22.0,
      "metodo": "contanti",
      "data_pagamento": "2025-07-23T14:11:51.749045+00:00",
      "riferimento": "",
      "nota": "",
      "operatore": [
        "daniele"
      ]
    }
  },
  {
    "model": "ordini.pagamento",
    "pk": 72,
    "fields": {
      "ordine": 106,
      "importo": 14.0,
      "metodo": "contanti",
      "data_pagamento": "2025-07-23T10:33:47.141100+00:00",
      "riferimento": "",
      "nota": "",
      "operatore": [
        "daniele"
      ]
    }
  },
  {
    "model": "ordini.pagamento",
    "pk": 71,
    "fields": {
      "ordine": 103,
      "importo": 25.0,
      "metodo": "contanti",
      "data_pagamento": "2025-07-23T10:01:21.047074+00:00",
      "riferimento": "",
      "nota": "",
      "operatore": [
        "daniele"
      ]
    }
  },
  {
    "model": "ordini.pagamento",
    "pk": 70,
    "fields": {
      "ordine": 104,
      "importo": 22.0,
      "metodo": "carta",
      "data_pagamento": "2025-07-23T09:59:47.763851+00:00",
      "riferimento": "",
      "nota": "",
      "operatore": [
        "daniele"
      ]
    }
  },
  {
    "model": "ordini.pagamento",
    "pk": 69,
    "fields": {
      "ordine": 102,
      "importo": 22.0,
      "metodo": "carta",
      "data_pagamento": "2025-07-23T07:45:27.689318+00:00",
      "riferimento": "",
      "nota": "",
      "operatore": [
        "daniele"
      ]
    }
  },
  {
    "model": "abbonamenti.configurazioneabbonamento",
    "pk": 8,
    "fields": {
      "titolo": "Abbonamento autosaloni - 30 ingressi",
      "descrizione": "Abbonamento riservato ai concessionari - 30 accessi mensili a targa libera",
      "prezzo": 210.0,
      "attiva": true,
      "modalita_targa": "libera",
      "numero_massimo_targhe": 1,
      "periodicita_reset": "mensile",
      "durata": "1_mese",
      "giorni_durata": 30,
      "rinnovo_automatico": false,
      "giorni_preavviso_scadenza": 7,
      "termini_condizioni": "",
      "creata_il": "2025-07-22T13:10:05.675407+00:00",
      "aggiornata_il": "2025-07-22T16:08:36.854004+00:00"
    }
  },
  {
    "model": "abbonamenti.configurazioneabbonamento",
    "pk": 9,
    "fields": {
      "titolo": "Abbonamento autosaloni - 60 ingressi",
      "descrizione": "Abbonamento a targa libera con 60 ingressi",
      "prezzo": 360.0,
      "attiva": true,
      "modalita_targa": "libera",
      "numero_massimo_targhe": 1,
      "periodicita_reset": "mensile",
      "durata": "1_mese",
      "giorni_durata": 30,
      "rinnovo_automatico": false,
      "giorni_preavviso_scadenza": 7,
      "termini_condizioni": "",
      "creata_il": "2025-07-22T16:07:42.998435+00:00",
      "aggiornata_il": "2025-07-22T16:07:42.998435+00:00"
    }
  },
  {
    "model": "abbonamenti.configurazioneabbonamento",
    "pk": 10,
    "fields": {
      "titolo": "Abbonamento autosaloni - 100 ingressi",
      "descrizione": "100 ingressi a targa libera",
      "prezzo": 390.0,
      "attiva": true,
      "modalita_targa": "libera",
      "numero_massimo_targhe": 1,
      "periodicita_reset": "mensile",
      "durata": "1_mese",
      "giorni_durata": 30,
      "rinnovo_automatico": false,
      "giorni_preavviso_scadenza": 7,
      "termini_condizioni": "",
      "creata_il": "2025-07-22T16:10:02.120002+00:00",
      "aggiornata_il": "2025-07-22T16:10:02.120002+00:00"
    }
  },
  {
    "model": "abbonamenti.configurazioneabbonamento",
    "pk": 11,
    "fields": {
      "titolo": "Auto d'esposizione",
      "descrizione": "Lavaggio completo del veicolo a targa libera - min 15 ingressi",
      "prezzo": 300.0,
      "attiva": true,
      "modalita_targa": "libera",
      "numero_massimo_targhe": 1,
      "periodicita_reset": "mensile",
      "durata": "1_mese",
      "giorni_durata": 30,
      "rinnovo_automatico": false,
      "giorni_preavviso_scadenza": 7,
      "termini_condizioni": "",
      "creata_il": "2025-07-22T16:13:04.514362+00:00",
      "aggiornata_il": "2025-07-22T16:13:04.514362+00:00"
    }
  },
  {
    "model": "abbonamenti.configurazioneabbonamento",
    "pk": 12,
    "fields": {
      "titolo": "Ingresso illimitato (Con rinnovo automatico)",
      "descrizione": "Ingresso giornaliero nelle spazzole, per un massimo di 30 accessi",
      "prezzo": 30.0,
      "attiva": true,
      "modalita_targa": "singola",
      "numero_massimo_targhe": 1,
      "periodicita_reset": "mensile",
      "durata": "1_mese",
      "giorni_durata": 30,
      "rinnovo_automatico": true,
      "giorni_preavviso_scadenza": 7,
      "termini_condizioni": "",
      "creata_il": "2025-07-22T16:28:06.689930+00:00",
      "aggiornata_il": "2025-07-22T16:41:50.957180+00:00"
    }
  },
  {
    "model": "abbonamenti.configurazioneabbonamento",
    "pk": 13,
    "fields": {
      "titolo": "Ingresso illimitato  (Senza rinnovo automatico)",
      "descrizione": "Ingresso quotidiano nelle spazzole",
      "prezzo": 35.0,
      "attiva": true,
      "modalita_targa": "singola",
      "numero_massimo_targhe": 1,
      "periodicita_reset": "mensile",
      "durata": "1_mese",
      "giorni_durata": 30,
      "rinnovo_automatico": false,
      "giorni_preavviso_scadenza": 7,
      "termini_condizioni": "",
      "creata_il": "2025-07-22T16:29:50.278033+00:00",
      "aggiornata_il": "2025-07-22T16:41:35.017021+00:00"
    }
  },
  {
    "model": "abbonamenti.configurazioneabbonamento",
    "pk": 14,
    "fields": {
      "titolo": "Abbonamento smart (Con rinnovo automatico)",
      "descrizione": "Abbonamento a targa singola con un accesso settimanale della durata di 30 giorni",
      "prezzo": 20.0,
      "attiva": true,
      "modalita_targa": "singola",
      "numero_massimo_targhe": 1,
      "periodicita_reset": "mensile",
      "durata": "1_mese",
      "giorni_durata": 30,
      "rinnovo_automatico": true,
      "giorni_preavviso_scadenza": 7,
      "termini_condizioni": "",
      "creata_il": "2025-07-22T16:35:23.526245+00:00",
      "aggiornata_il": "2025-07-22T16:35:23.526245+00:00"
    }
  },
  {
    "model": "abbonamenti.configurazioneabbonamento",
    "pk": 15,
    "fields": {
      "titolo": "Abbonamento smart (Senza rinnovo automatico)",
      "descrizione": ".",
      "prezzo": 25.0,
      "attiva": true,
      "modalita_targa": "singola",
      "numero_massimo_targhe": 1,
      "periodicita_reset": "mensile",
      "durata": "1_mese",
      "giorni_durata": 30,
      "rinnovo_automatico": false,
      "giorni_preavviso_scadenza": 7,
      "termini_condizioni": "",
      "creata_il": "2025-07-22T16:36:15.838029+00:00",
      "aggiornata_il": "2025-07-22T16:36:15.838029+00:00"
    }
  },
  {
    "model": "abbonamenti.configurazioneabbonamento",
    "pk": 16,
    "fields": {
      "titolo": "Abbonamento Sempre Perfetta (Con rinnovo automatico)",
      "descrizione": "Abbonamento che comprende 4 ingressi mensili di cui 1 con lavaggio completo dell'auto",
      "prezzo": 35.0,
      "attiva": true,
      "modalita_targa": "singola",
      "numero_massimo_targhe": 1,
      "periodicita_reset": "mensile",
      "durata": "1_mese",
      "giorni_durata": 30,
      "rinnovo_automatico": false,
      "giorni_preavviso_scadenza": 7,
      "termini_condizioni": "",
      "creata_il": "2025-07-22T16:38:48.147195+00:00",
      "aggiornata_il": "2025-07-22T16:40:50.504303+00:00"
    }
  },
  {
    "model": "abbonamenti.configurazioneabbonamento",
    "pk": 17,
    "fields": {
      "titolo": "Abbonamento Sempre Perfetta (Senza rinnovo automatico)",
      "descrizione": "L'abbonamento comprende 4 ingressi totali: 3 con spazzole ed 1 lavaggio completo",
      "prezzo": 40.0,
      "attiva": true,
      "modalita_targa": "singola",
      "numero_massimo_targhe": 1,
      "periodicita_reset": "mensile",
      "durata": "1_mese",
      "giorni_durata": 30,
      "rinnovo_automatico": false,
      "giorni_preavviso_scadenza": 7,
      "termini_condizioni": "",
      "creata_il": "2025-07-22T16:40:43.956594+00:00",
      "aggiornata_il": "2025-07-22T16:40:43.956594+00:00"
    }
  },
  {
    "model": "abbonamenti.servizioinclusoabbonamento",
    "pk": 10,
    "fields": {
      "configurazione": 8,
      "servizio": 29,
      "quantita_inclusa": 30,
      "accessi_totali_periodo": 30,
      "accessi_per_sottoperiodo": 30,
      "tipo_sottoperiodo": "mensile"
    }
  },
  {
    "model": "abbonamenti.servizioinclusoabbonamento",
    "pk": 11,
    "fields": {
      "configurazione": 9,
      "servizio": 29,
      "quantita_inclusa": 30,
      "accessi_totali_periodo": 30,
      "accessi_per_sottoperiodo": 30,
      "tipo_sottoperiodo": "mensile"
    }
  },
  {
    "model": "abbonamenti.servizioinclusoabbonamento",
    "pk": 12,
    "fields": {
      "configurazione": 10,
      "servizio": 29,
      "quantita_inclusa": 30,
      "accessi_totali_periodo": 30,
      "accessi_per_sottoperiodo": 30,
      "tipo_sottoperiodo": "mensile"
    }
  },
  {
    "model": "abbonamenti.servizioinclusoabbonamento",
    "pk": 13,
    "fields": {
      "configurazione": 11,
      "servizio": 1,
      "quantita_inclusa": 15,
      "accessi_totali_periodo": 15,
      "accessi_per_sottoperiodo": 15,
      "tipo_sottoperiodo": "mensile"
    }
  },
  {
    "model": "abbonamenti.servizioinclusoabbonamento",
    "pk": 14,
    "fields": {
      "configurazione": 12,
      "servizio": 29,
      "quantita_inclusa": 30,
      "accessi_totali_periodo": 30,
      "accessi_per_sottoperiodo": 1,
      "tipo_sottoperiodo": "giornaliero"
    }
  },
  {
    "model": "abbonamenti.servizioinclusoabbonamento",
    "pk": 15,
    "fields": {
      "configurazione": 13,
      "servizio": 29,
      "quantita_inclusa": 30,
      "accessi_totali_periodo": 30,
      "accessi_per_sottoperiodo": 1,
      "tipo_sottoperiodo": "giornaliero"
    }
  },
  {
    "model": "abbonamenti.servizioinclusoabbonamento",
    "pk": 16,
    "fields": {
      "configurazione": 14,
      "servizio": 29,
      "quantita_inclusa": 4,
      "accessi_totali_periodo": 4,
      "accessi_per_sottoperiodo": 1,
      "tipo_sottoperiodo": "settimanale"
    }
  },
  {
    "model": "abbonamenti.servizioinclusoabbonamento",
    "pk": 17,
    "fields": {
      "configurazione": 15,
      "servizio": 29,
      "quantita_inclusa": 4,
      "accessi_totali_periodo": 4,
      "accessi_per_sottoperiodo": 1,
      "tipo_sottoperiodo": "settimanale"
    }
  },
  {
    "model": "abbonamenti.servizioinclusoabbonamento",
    "pk": 18,
    "fields": {
      "configurazione": 16,
      "servizio": 1,
      "quantita_inclusa": 1,
      "accessi_totali_periodo": 1,
      "accessi_per_sottoperiodo": 1,
      "tipo_sottoperiodo": "mensile"
    }
  },
  {
    "model": "abbonamenti.servizioinclusoabbonamento",
    "pk": 19,
    "fields": {
      "configurazione": 16,
      "servizio": 29,
      "quantita_inclusa": 3,
      "accessi_totali_periodo": 3,
      "accessi_per_sottoperiodo": 1,
      "tipo_sottoperiodo": "settimanale"
    }
  },
  {
    "model": "abbonamenti.servizioinclusoabbonamento",
    "pk": 20,
    "fields": {
      "configurazione": 17,
      "servizio": 29,
      "quantita_inclusa": 3,
      "accessi_totali_periodo": 3,
      "accessi_per_sottoperiodo": 1,
      "tipo_sottoperiodo": "settimanale"
    }
  },
  {
    "model": "abbonamenti.servizioinclusoabbonamento",
    "pk": 21,
    "fields": {
      "configurazione": 17,
      "servizio": 1,
      "quantita_inclusa": 1,
      "accessi_totali_periodo": 1,
      "accessi_per_sottoperiodo": 1,
      "tipo_sottoperiodo": "mensile"
    }
  },
  {
    "model": "abbonamenti.abbonamento",
    "pk": 11,
    "fields": {
      "cliente": 22,
      "configurazione": 17,
      "codice_accesso": "Y2DOYO7F",
      "codice_nfc": "c45f42da19084f2ea09ac707b65bc191",
      "data_attivazione": "2025-07-23",
      "data_scadenza": "2025-08-22",
      "data_ultimo_accesso": "2025-07-23T05:15:18.775370+00:00",
      "stato": "attivo",
      "ordine_acquisto": null,
      "tessera_stampata": false,
      "numero_tessera": "",
      "creato_il": "2025-07-23T05:13:29.264622+00:00",
      "aggiornato_il": "2025-07-23T05:15:18.775370+00:00"
    }
  },
  {
    "model": "abbonamenti.abbonamento",
    "pk": 8,
    "fields": {
      "cliente": 21,
      "configurazione": 8,
      "codice_accesso": "IEL3JR1N",
      "codice_nfc": "a9a25ba3c8984af9a1f4ee86ed85b597",
      "data_attivazione": "2025-07-22",
      "data_scadenza": "2025-08-21",
      "data_ultimo_accesso": "2025-07-22T17:44:10.833079+00:00",
      "stato": "attivo",
      "ordine_acquisto": null,
      "tessera_stampata": false,
      "numero_tessera": "",
      "creato_il": "2025-07-22T15:52:21.449493+00:00",
      "aggiornato_il": "2025-07-22T17:44:10.833079+00:00"
    }
  },
  {
    "model": "abbonamenti.abbonamento",
    "pk": 9,
    "fields": {
      "cliente": 22,
      "configurazione": 14,
      "codice_accesso": "JFJ3WXFR",
      "codice_nfc": "0cb072faa1fa4a4d996649069a6e696b",
      "data_attivazione": "2025-07-22",
      "data_scadenza": "2025-08-21",
      "data_ultimo_accesso": "2025-07-23T05:08:54.902920+00:00",
      "stato": "attivo",
      "ordine_acquisto": null,
      "tessera_stampata": false,
      "numero_tessera": "",
      "creato_il": "2025-07-22T17:51:47.824965+00:00",
      "aggiornato_il": "2025-07-23T05:08:54.902920+00:00"
    }
  },
  {
    "model": "abbonamenti.abbonamento",
    "pk": 10,
    "fields": {
      "cliente": 21,
      "configurazione": 8,
      "codice_accesso": "LKINJB53",
      "codice_nfc": "f1307ce18e6b44ad991a314ecdb916d9",
      "data_attivazione": "2025-07-22",
      "data_scadenza": "2025-08-21",
      "data_ultimo_accesso": null,
      "stato": "attivo",
      "ordine_acquisto": null,
      "tessera_stampata": false,
      "numero_tessera": "",
      "creato_il": "2025-07-22T17:55:35.604205+00:00",
      "aggiornato_il": "2025-07-22T17:55:35.607210+00:00"
    }
  },
  {
    "model": "abbonamenti.targaabbonamento",
    "pk": 7,
    "fields": {
      "abbonamento": 9,
      "targa": "GA106CS",
      "attiva": true,
      "data_aggiunta": "2025-07-22T17:51:47.825952+00:00"
    }
  },
  {
    "model": "abbonamenti.targaabbonamento",
    "pk": 8,
    "fields": {
      "abbonamento": 11,
      "targa": "AB123CD",
      "attiva": true,
      "data_aggiunta": "2025-07-23T05:13:29.266623+00:00"
    }
  },
  {
    "model": "abbonamenti.contatoreaccessiabbonamento",
    "pk": 5,
    "fields": {
      "abbonamento": 8,
      "servizio": 29,
      "periodo_inizio": "2025-07-01",
      "accessi_effettuati": 5
    }
  },
  {
    "model": "abbonamenti.contatoreaccessiabbonamento",
    "pk": 6,
    "fields": {
      "abbonamento": 9,
      "servizio": 29,
      "periodo_inizio": "2025-07-01",
      "accessi_effettuati": 1
    }
  },
  {
    "model": "abbonamenti.contatoreaccessiabbonamento",
    "pk": 7,
    "fields": {
      "abbonamento": 10,
      "servizio": 29,
      "periodo_inizio": "2025-07-01",
      "accessi_effettuati": 0
    }
  },
  {
    "model": "abbonamenti.contatoreaccessiabbonamento",
    "pk": 8,
    "fields": {
      "abbonamento": 11,
      "servizio": 29,
      "periodo_inizio": "2025-07-01",
      "accessi_effettuati": 1
    }
  },
  {
    "model": "abbonamenti.contatoreaccessiabbonamento",
    "pk": 9,
    "fields": {
      "abbonamento": 11,
      "servizio": 1,
      "periodo_inizio": "2025-07-01",
      "accessi_effettuati": 1
    }
  },
  {
    "model": "abbonamenti.accessoabbonamento",
    "pk": 15,
    "fields": {
      "abbonamento": 11,
      "servizio": 29,
      "data_ora": "2025-07-23T06:10:42.968706+00:00",
      "targa_utilizzata": "AB123CD",
      "postazione": null,
      "metodo_verifica": "manuale",
      "autorizzato": false,
      "motivo_rifiuto": "Limite settimanale raggiunto",
      "operatore": [
        "daniele"
      ]
    }
  },
  {
    "model": "abbonamenti.accessoabbonamento",
    "pk": 14,
    "fields": {
      "abbonamento": 11,
      "servizio": 29,
      "data_ora": "2025-07-23T06:10:27.400862+00:00",
      "targa_utilizzata": "AB123CS",
      "postazione": null,
      "metodo_verifica": "manuale",
      "autorizzato": false,
      "motivo_rifiuto": "Targa non autorizzata",
      "operatore": [
        "daniele"
      ]
    }
  },
  {
    "model": "abbonamenti.accessoabbonamento",
    "pk": 13,
    "fields": {
      "abbonamento": 11,
      "servizio": 29,
      "data_ora": "2025-07-23T06:10:07.799419+00:00",
      "targa_utilizzata": "",
      "postazione": null,
      "metodo_verifica": "manuale",
      "autorizzato": false,
      "motivo_rifiuto": "Targa richiesta",
      "operatore": [
        "daniele"
      ]
    }
  },
  {
    "model": "abbonamenti.accessoabbonamento",
    "pk": 12,
    "fields": {
      "abbonamento": 11,
      "servizio": 29,
      "data_ora": "2025-07-23T05:15:27.460464+00:00",
      "targa_utilizzata": "AB123CD",
      "postazione": null,
      "metodo_verifica": "manuale",
      "autorizzato": false,
      "motivo_rifiuto": "Limite settimanale raggiunto",
      "operatore": [
        "daniele"
      ]
    }
  },
  {
    "model": "abbonamenti.accessoabbonamento",
    "pk": 11,
    "fields": {
      "abbonamento": 11,
      "servizio": 29,
      "data_ora": "2025-07-23T05:15:18.772365+00:00",
      "targa_utilizzata": "AB123CD",
      "postazione": null,
      "metodo_verifica": "manuale",
      "autorizzato": true,
      "motivo_rifiuto": "",
      "operatore": [
        "daniele"
      ]
    }
  },
  {
    "model": "abbonamenti.accessoabbonamento",
    "pk": 10,
    "fields": {
      "abbonamento": 11,
      "servizio": 1,
      "data_ora": "2025-07-23T05:15:09.925195+00:00",
      "targa_utilizzata": "AB123CD",
      "postazione": null,
      "metodo_verifica": "manuale",
      "autorizzato": true,
      "motivo_rifiuto": "",
      "operatore": [
        "daniele"
      ]
    }
  },
  {
    "model": "abbonamenti.accessoabbonamento",
    "pk": 9,
    "fields": {
      "abbonamento": 11,
      "servizio": 1,
      "data_ora": "2025-07-23T05:14:51.208390+00:00",
      "targa_utilizzata": "GA106CS",
      "postazione": null,
      "metodo_verifica": "manuale",
      "autorizzato": false,
      "motivo_rifiuto": "Targa non autorizzata",
      "operatore": [
        "daniele"
      ]
    }
  },
  {
    "model": "abbonamenti.accessoabbonamento",
    "pk": 8,
    "fields": {
      "abbonamento": 9,
      "servizio": 29,
      "data_ora": "2025-07-23T05:09:03.259122+00:00",
      "targa_utilizzata": "GA106CS",
      "postazione": null,
      "metodo_verifica": "manuale",
      "autorizzato": false,
      "motivo_rifiuto": "Limite settimanale raggiunto",
      "operatore": [
        "daniele"
      ]
    }
  },
  {
    "model": "abbonamenti.accessoabbonamento",
    "pk": 7,
    "fields": {
      "abbonamento": 9,
      "servizio": 29,
      "data_ora": "2025-07-23T05:08:54.899929+00:00",
      "targa_utilizzata": "GA106CS",
      "postazione": null,
      "metodo_verifica": "manuale",
      "autorizzato": true,
      "motivo_rifiuto": "",
      "operatore": [
        "daniele"
      ]
    }
  },
  {
    "model": "abbonamenti.accessoabbonamento",
    "pk": 6,
    "fields": {
      "abbonamento": 9,
      "servizio": 29,
      "data_ora": "2025-07-23T05:08:33.338325+00:00",
      "targa_utilizzata": "",
      "postazione": null,
      "metodo_verifica": "manuale",
      "autorizzato": false,
      "motivo_rifiuto": "Targa richiesta",
      "operatore": [
        "daniele"
      ]
    }
  },
  {
    "model": "abbonamenti.accessoabbonamento",
    "pk": 5,
    "fields": {
      "abbonamento": 8,
      "servizio": 29,
      "data_ora": "2025-07-22T17:44:10.831063+00:00",
      "targa_utilizzata": "",
      "postazione": null,
      "metodo_verifica": "manuale",
      "autorizzato": true,
      "motivo_rifiuto": "",
      "operatore": [
        "daniele"
      ]
    }
  },
  {
    "model": "abbonamenti.accessoabbonamento",
    "pk": 4,
    "fields": {
      "abbonamento": 8,
      "servizio": 29,
      "data_ora": "2025-07-22T16:04:51.944592+00:00",
      "targa_utilizzata": "",
      "postazione": null,
      "metodo_verifica": "manuale",
      "autorizzato": true,
      "motivo_rifiuto": "",
      "operatore": [
        "daniele"
      ]
    }
  },
  {
    "model": "abbonamenti.accessoabbonamento",
    "pk": 3,
    "fields": {
      "abbonamento": 8,
      "servizio": 29,
      "data_ora": "2025-07-22T16:01:44.047005+00:00",
      "targa_utilizzata": "",
      "postazione": null,
      "metodo_verifica": "manuale",
      "autorizzato": true,
      "motivo_rifiuto": "",
      "operatore": [
        "daniele"
      ]
    }
  },
  {
    "model": "abbonamenti.accessoabbonamento",
    "pk": 2,
    "fields": {
      "abbonamento": 8,
      "servizio": 29,
      "data_ora": "2025-07-22T16:00:48.706498+00:00",
      "targa_utilizzata": "",
      "postazione": null,
      "metodo_verifica": "manuale",
      "autorizzato": true,
      "motivo_rifiuto": "",
      "operatore": [
        "daniele"
      ]
    }
  },
  {
    "model": "abbonamenti.accessoabbonamento",
    "pk": 1,
    "fields": {
      "abbonamento": 8,
      "servizio": 29,
      "data_ora": "2025-07-22T15:59:31.441945+00:00",
      "targa_utilizzata": "",
      "postazione": null,
      "metodo_verifica": "manuale",
      "autorizzato": true,
      "motivo_rifiuto": "",
      "operatore": [
        "daniele"
      ]
    }
  },
  {
    "model": "prenotazioni.configurazioneslot",
    "pk": 4,
    "fields": {
      "giorno_settimana": 0,
      "ora_inizio": "08:00:00",
      "ora_fine": "09:00:00",
      "durata_slot_minuti": 60,
      "max_prenotazioni_per_slot": 2,
      "attivo": true,
      "servizi_ammessi": [
        4,
        6,
        5,
        1,
        7
      ]
    }
  },
  {
    "model": "prenotazioni.configurazioneslot",
    "pk": 9,
    "fields": {
      "giorno_settimana": 0,
      "ora_inizio": "09:00:00",
      "ora_fine": "10:00:00",
      "durata_slot_minuti": 60,
      "max_prenotazioni_per_slot": 2,
      "attivo": true,
      "servizi_ammessi": [
        4,
        6,
        5,
        1,
        7
      ]
    }
  },
  {
    "model": "prenotazioni.configurazioneslot",
    "pk": 8,
    "fields": {
      "giorno_settimana": 0,
      "ora_inizio": "10:00:00",
      "ora_fine": "11:00:00",
      "durata_slot_minuti": 60,
      "max_prenotazioni_per_slot": 2,
      "attivo": true,
      "servizi_ammessi": [
        4,
        6,
        5,
        1,
        7
      ]
    }
  },
  {
    "model": "prenotazioni.configurazioneslot",
    "pk": 10,
    "fields": {
      "giorno_settimana": 0,
      "ora_inizio": "11:00:00",
      "ora_fine": "12:00:00",
      "durata_slot_minuti": 60,
      "max_prenotazioni_per_slot": 2,
      "attivo": true,
      "servizi_ammessi": [
        4,
        6,
        5,
        1,
        7
      ]
    }
  },
  {
    "model": "prenotazioni.configurazioneslot",
    "pk": 11,
    "fields": {
      "giorno_settimana": 0,
      "ora_inizio": "12:00:00",
      "ora_fine": "13:00:00",
      "durata_slot_minuti": 60,
      "max_prenotazioni_per_slot": 2,
      "attivo": true,
      "servizi_ammessi": [
        4,
        6,
        5,
        1,
        7
      ]
    }
  },
  {
    "model": "prenotazioni.configurazioneslot",
    "pk": 12,
    "fields": {
      "giorno_settimana": 0,
      "ora_inizio": "15:00:00",
      "ora_fine": "16:00:00",
      "durata_slot_minuti": 60,
      "max_prenotazioni_per_slot": 2,
      "attivo": true,
      "servizi_ammessi": [
        4,
        6,
        5,
        1,
        7
      ]
    }
  },
  {
    "model": "prenotazioni.configurazioneslot",
    "pk": 13,
    "fields": {
      "giorno_settimana": 0,
      "ora_inizio": "16:00:00",
      "ora_fine": "17:00:00",
      "durata_slot_minuti": 60,
      "max_prenotazioni_per_slot": 2,
      "attivo": true,
      "servizi_ammessi": [
        4,
        6,
        5,
        1,
        7
      ]
    }
  },
  {
    "model": "prenotazioni.configurazioneslot",
    "pk": 14,
    "fields": {
      "giorno_settimana": 0,
      "ora_inizio": "17:00:00",
      "ora_fine": "18:00:00",
      "durata_slot_minuti": 60,
      "max_prenotazioni_per_slot": 2,
      "attivo": true,
      "servizi_ammessi": [
        4,
        6,
        5,
        1,
        7
      ]
    }
  },
  {
    "model": "prenotazioni.configurazioneslot",
    "pk": 15,
    "fields": {
      "giorno_settimana": 0,
      "ora_inizio": "18:00:00",
      "ora_fine": "19:00:00",
      "durata_slot_minuti": 60,
      "max_prenotazioni_per_slot": 2,
      "attivo": true,
      "servizi_ammessi": [
        4,
        6,
        5,
        1,
        7
      ]
    }
  },
  {
    "model": "prenotazioni.configurazioneslot",
    "pk": 16,
    "fields": {
      "giorno_settimana": 1,
      "ora_inizio": "08:00:00",
      "ora_fine": "09:00:00",
      "durata_slot_minuti": 60,
      "max_prenotazioni_per_slot": 2,
      "attivo": true,
      "servizi_ammessi": [
        4,
        6,
        5,
        1,
        7
      ]
    }
  },
  {
    "model": "prenotazioni.configurazioneslot",
    "pk": 17,
    "fields": {
      "giorno_settimana": 1,
      "ora_inizio": "09:00:00",
      "ora_fine": "10:00:00",
      "durata_slot_minuti": 60,
      "max_prenotazioni_per_slot": 2,
      "attivo": true,
      "servizi_ammessi": [
        4,
        6,
        5,
        1,
        7
      ]
    }
  },
  {
    "model": "prenotazioni.configurazioneslot",
    "pk": 18,
    "fields": {
      "giorno_settimana": 1,
      "ora_inizio": "10:00:00",
      "ora_fine": "11:00:00",
      "durata_slot_minuti": 60,
      "max_prenotazioni_per_slot": 2,
      "attivo": true,
      "servizi_ammessi": [
        4,
        6,
        5,
        1,
        7
      ]
    }
  },
  {
    "model": "prenotazioni.configurazioneslot",
    "pk": 19,
    "fields": {
      "giorno_settimana": 1,
      "ora_inizio": "11:00:00",
      "ora_fine": "12:00:00",
      "durata_slot_minuti": 60,
      "max_prenotazioni_per_slot": 2,
      "attivo": true,
      "servizi_ammessi": [
        4,
        6,
        5,
        1,
        7
      ]
    }
  },
  {
    "model": "prenotazioni.configurazioneslot",
    "pk": 20,
    "fields": {
      "giorno_settimana": 1,
      "ora_inizio": "12:00:00",
      "ora_fine": "13:00:00",
      "durata_slot_minuti": 60,
      "max_prenotazioni_per_slot": 2,
      "attivo": true,
      "servizi_ammessi": [
        4,
        6,
        5,
        1,
        7
      ]
    }
  },
  {
    "model": "prenotazioni.configurazioneslot",
    "pk": 21,
    "fields": {
      "giorno_settimana": 1,
      "ora_inizio": "15:00:00",
      "ora_fine": "16:00:00",
      "durata_slot_minuti": 60,
      "max_prenotazioni_per_slot": 2,
      "attivo": true,
      "servizi_ammessi": [
        4,
        6,
        5,
        1,
        7
      ]
    }
  },
  {
    "model": "prenotazioni.configurazioneslot",
    "pk": 22,
    "fields": {
      "giorno_settimana": 1,
      "ora_inizio": "16:00:00",
      "ora_fine": "17:00:00",
      "durata_slot_minuti": 60,
      "max_prenotazioni_per_slot": 2,
      "attivo": true,
      "servizi_ammessi": [
        4,
        6,
        5,
        1,
        7
      ]
    }
  },
  {
    "model": "prenotazioni.configurazioneslot",
    "pk": 23,
    "fields": {
      "giorno_settimana": 1,
      "ora_inizio": "17:00:00",
      "ora_fine": "18:00:00",
      "durata_slot_minuti": 60,
      "max_prenotazioni_per_slot": 2,
      "attivo": true,
      "servizi_ammessi": [
        4,
        6,
        5,
        1,
        7
      ]
    }
  },
  {
    "model": "prenotazioni.configurazioneslot",
    "pk": 24,
    "fields": {
      "giorno_settimana": 1,
      "ora_inizio": "18:00:00",
      "ora_fine": "19:00:00",
      "durata_slot_minuti": 60,
      "max_prenotazioni_per_slot": 2,
      "attivo": true,
      "servizi_ammessi": [
        4,
        6,
        5,
        1,
        7
      ]
    }
  },
  {
    "model": "prenotazioni.configurazioneslot",
    "pk": 25,
    "fields": {
      "giorno_settimana": 2,
      "ora_inizio": "08:00:00",
      "ora_fine": "09:00:00",
      "durata_slot_minuti": 60,
      "max_prenotazioni_per_slot": 2,
      "attivo": true,
      "servizi_ammessi": [
        4,
        6,
        5,
        1,
        7
      ]
    }
  },
  {
    "model": "prenotazioni.configurazioneslot",
    "pk": 26,
    "fields": {
      "giorno_settimana": 2,
      "ora_inizio": "09:00:00",
      "ora_fine": "10:00:00",
      "durata_slot_minuti": 60,
      "max_prenotazioni_per_slot": 2,
      "attivo": true,
      "servizi_ammessi": [
        4,
        6,
        5,
        1,
        7
      ]
    }
  },
  {
    "model": "prenotazioni.configurazioneslot",
    "pk": 27,
    "fields": {
      "giorno_settimana": 2,
      "ora_inizio": "10:00:00",
      "ora_fine": "11:00:00",
      "durata_slot_minuti": 60,
      "max_prenotazioni_per_slot": 2,
      "attivo": true,
      "servizi_ammessi": [
        4,
        6,
        5,
        1,
        7
      ]
    }
  },
  {
    "model": "prenotazioni.configurazioneslot",
    "pk": 28,
    "fields": {
      "giorno_settimana": 2,
      "ora_inizio": "11:00:00",
      "ora_fine": "12:00:00",
      "durata_slot_minuti": 60,
      "max_prenotazioni_per_slot": 2,
      "attivo": true,
      "servizi_ammessi": [
        4,
        6,
        5,
        1,
        7
      ]
    }
  },
  {
    "model": "prenotazioni.configurazioneslot",
    "pk": 29,
    "fields": {
      "giorno_settimana": 2,
      "ora_inizio": "12:00:00",
      "ora_fine": "13:00:00",
      "durata_slot_minuti": 60,
      "max_prenotazioni_per_slot": 2,
      "attivo": true,
      "servizi_ammessi": [
        4,
        6,
        5,
        1,
        7
      ]
    }
  },
  {
    "model": "prenotazioni.configurazioneslot",
    "pk": 30,
    "fields": {
      "giorno_settimana": 2,
      "ora_inizio": "15:00:00",
      "ora_fine": "16:00:00",
      "durata_slot_minuti": 60,
      "max_prenotazioni_per_slot": 2,
      "attivo": true,
      "servizi_ammessi": [
        4,
        6,
        5,
        1,
        7
      ]
    }
  },
  {
    "model": "prenotazioni.configurazioneslot",
    "pk": 31,
    "fields": {
      "giorno_settimana": 2,
      "ora_inizio": "16:00:00",
      "ora_fine": "17:00:00",
      "durata_slot_minuti": 60,
      "max_prenotazioni_per_slot": 2,
      "attivo": true,
      "servizi_ammessi": [
        4,
        6,
        5,
        1,
        7
      ]
    }
  },
  {
    "model": "prenotazioni.configurazioneslot",
    "pk": 32,
    "fields": {
      "giorno_settimana": 2,
      "ora_inizio": "17:00:00",
      "ora_fine": "18:00:00",
      "durata_slot_minuti": 60,
      "max_prenotazioni_per_slot": 2,
      "attivo": true,
      "servizi_ammessi": [
        4,
        6,
        5,
        1,
        7
      ]
    }
  },
  {
    "model": "prenotazioni.configurazioneslot",
    "pk": 33,
    "fields": {
      "giorno_settimana": 2,
      "ora_inizio": "18:00:00",
      "ora_fine": "19:00:00",
      "durata_slot_minuti": 60,
      "max_prenotazioni_per_slot": 2,
      "attivo": true,
      "servizi_ammessi": [
        4,
        6,
        5,
        1,
        7
      ]
    }
  },
  {
    "model": "prenotazioni.configurazioneslot",
    "pk": 34,
    "fields": {
      "giorno_settimana": 3,
      "ora_inizio": "08:00:00",
      "ora_fine": "09:00:00",
      "durata_slot_minuti": 60,
      "max_prenotazioni_per_slot": 2,
      "attivo": true,
      "servizi_ammessi": [
        4,
        6,
        5,
        1,
        7
      ]
    }
  },
  {
    "model": "prenotazioni.configurazioneslot",
    "pk": 35,
    "fields": {
      "giorno_settimana": 3,
      "ora_inizio": "09:00:00",
      "ora_fine": "10:00:00",
      "durata_slot_minuti": 60,
      "max_prenotazioni_per_slot": 2,
      "attivo": true,
      "servizi_ammessi": [
        4,
        6,
        5,
        1,
        7
      ]
    }
  },
  {
    "model": "prenotazioni.configurazioneslot",
    "pk": 36,
    "fields": {
      "giorno_settimana": 3,
      "ora_inizio": "10:00:00",
      "ora_fine": "11:00:00",
      "durata_slot_minuti": 60,
      "max_prenotazioni_per_slot": 2,
      "attivo": true,
      "servizi_ammessi": [
        4,
        6,
        5,
        1,
        7
      ]
    }
  },
  {
    "model": "prenotazioni.configurazioneslot",
    "pk": 37,
    "fields": {
      "giorno_settimana": 3,
      "ora_inizio": "11:00:00",
      "ora_fine": "12:00:00",
      "durata_slot_minuti": 60,
      "max_prenotazioni_per_slot": 2,
      "attivo": true,
      "servizi_ammessi": [
        4,
        6,
        5,
        1,
        7
      ]
    }
  },
  {
    "model": "prenotazioni.configurazioneslot",
    "pk": 38,
    "fields": {
      "giorno_settimana": 3,
      "ora_inizio": "12:00:00",
      "ora_fine": "13:00:00",
      "durata_slot_minuti": 60,
      "max_prenotazioni_per_slot": 2,
      "attivo": true,
      "servizi_ammessi": [
        4,
        6,
        5,
        1,
        7
      ]
    }
  },
  {
    "model": "prenotazioni.configurazioneslot",
    "pk": 39,
    "fields": {
      "giorno_settimana": 3,
      "ora_inizio": "15:00:00",
      "ora_fine": "16:00:00",
      "durata_slot_minuti": 60,
      "max_prenotazioni_per_slot": 2,
      "attivo": true,
      "servizi_ammessi": [
        4,
        6,
        5,
        1,
        7
      ]
    }
  },
  {
    "model": "prenotazioni.configurazioneslot",
    "pk": 40,
    "fields": {
      "giorno_settimana": 3,
      "ora_inizio": "16:00:00",
      "ora_fine": "17:00:00",
      "durata_slot_minuti": 60,
      "max_prenotazioni_per_slot": 2,
      "attivo": true,
      "servizi_ammessi": [
        4,
        6,
        5,
        1,
        7
      ]
    }
  },
  {
    "model": "prenotazioni.configurazioneslot",
    "pk": 41,
    "fields": {
      "giorno_settimana": 3,
      "ora_inizio": "17:00:00",
      "ora_fine": "18:00:00",
      "durata_slot_minuti": 60,
      "max_prenotazioni_per_slot": 2,
      "attivo": true,
      "servizi_ammessi": [
        4,
        6,
        5,
        1,
        7
      ]
    }
  },
  {
    "model": "prenotazioni.configurazioneslot",
    "pk": 42,
    "fields": {
      "giorno_settimana": 3,
      "ora_inizio": "18:00:00",
      "ora_fine": "19:00:00",
      "durata_slot_minuti": 60,
      "max_prenotazioni_per_slot": 2,
      "attivo": true,
      "servizi_ammessi": [
        4,
        6,
        5,
        1,
        7
      ]
    }
  },
  {
    "model": "prenotazioni.configurazioneslot",
    "pk": 43,
    "fields": {
      "giorno_settimana": 4,
      "ora_inizio": "08:00:00",
      "ora_fine": "09:00:00",
      "durata_slot_minuti": 60,
      "max_prenotazioni_per_slot": 2,
      "attivo": true,
      "servizi_ammessi": [
        4,
        6,
        5,
        1,
        7
      ]
    }
  },
  {
    "model": "prenotazioni.configurazioneslot",
    "pk": 44,
    "fields": {
      "giorno_settimana": 4,
      "ora_inizio": "09:00:00",
      "ora_fine": "10:00:00",
      "durata_slot_minuti": 60,
      "max_prenotazioni_per_slot": 2,
      "attivo": true,
      "servizi_ammessi": [
        4,
        6,
        5,
        1,
        7
      ]
    }
  },
  {
    "model": "prenotazioni.configurazioneslot",
    "pk": 45,
    "fields": {
      "giorno_settimana": 4,
      "ora_inizio": "10:00:00",
      "ora_fine": "11:00:00",
      "durata_slot_minuti": 60,
      "max_prenotazioni_per_slot": 2,
      "attivo": true,
      "servizi_ammessi": [
        4,
        6,
        5,
        1,
        7
      ]
    }
  },
  {
    "model": "prenotazioni.configurazioneslot",
    "pk": 46,
    "fields": {
      "giorno_settimana": 4,
      "ora_inizio": "11:00:00",
      "ora_fine": "12:00:00",
      "durata_slot_minuti": 60,
      "max_prenotazioni_per_slot": 2,
      "attivo": true,
      "servizi_ammessi": [
        4,
        6,
        5,
        1,
        7
      ]
    }
  },
  {
    "model": "prenotazioni.configurazioneslot",
    "pk": 47,
    "fields": {
      "giorno_settimana": 4,
      "ora_inizio": "12:00:00",
      "ora_fine": "13:00:00",
      "durata_slot_minuti": 60,
      "max_prenotazioni_per_slot": 2,
      "attivo": true,
      "servizi_ammessi": [
        4,
        6,
        5,
        1,
        7
      ]
    }
  },
  {
    "model": "prenotazioni.configurazioneslot",
    "pk": 48,
    "fields": {
      "giorno_settimana": 4,
      "ora_inizio": "15:00:00",
      "ora_fine": "16:00:00",
      "durata_slot_minuti": 60,
      "max_prenotazioni_per_slot": 2,
      "attivo": true,
      "servizi_ammessi": [
        4,
        6,
        5,
        1,
        7
      ]
    }
  },
  {
    "model": "prenotazioni.configurazioneslot",
    "pk": 49,
    "fields": {
      "giorno_settimana": 4,
      "ora_inizio": "16:00:00",
      "ora_fine": "17:00:00",
      "durata_slot_minuti": 60,
      "max_prenotazioni_per_slot": 2,
      "attivo": true,
      "servizi_ammessi": [
        4,
        6,
        5,
        1,
        7
      ]
    }
  },
  {
    "model": "prenotazioni.configurazioneslot",
    "pk": 50,
    "fields": {
      "giorno_settimana": 4,
      "ora_inizio": "17:00:00",
      "ora_fine": "18:00:00",
      "durata_slot_minuti": 60,
      "max_prenotazioni_per_slot": 2,
      "attivo": true,
      "servizi_ammessi": [
        4,
        6,
        5,
        1,
        7
      ]
    }
  },
  {
    "model": "prenotazioni.configurazioneslot",
    "pk": 51,
    "fields": {
      "giorno_settimana": 4,
      "ora_inizio": "18:00:00",
      "ora_fine": "19:00:00",
      "durata_slot_minuti": 60,
      "max_prenotazioni_per_slot": 2,
      "attivo": true,
      "servizi_ammessi": [
        4,
        6,
        5,
        1,
        7
      ]
    }
  },
  {
    "model": "prenotazioni.configurazioneslot",
    "pk": 52,
    "fields": {
      "giorno_settimana": 5,
      "ora_inizio": "08:00:00",
      "ora_fine": "09:00:00",
      "durata_slot_minuti": 60,
      "max_prenotazioni_per_slot": 2,
      "attivo": true,
      "servizi_ammessi": [
        4,
        6,
        5,
        1,
        7
      ]
    }
  },
  {
    "model": "prenotazioni.configurazioneslot",
    "pk": 53,
    "fields": {
      "giorno_settimana": 5,
      "ora_inizio": "09:00:00",
      "ora_fine": "10:00:00",
      "durata_slot_minuti": 60,
      "max_prenotazioni_per_slot": 2,
      "attivo": true,
      "servizi_ammessi": [
        4,
        6,
        5,
        1,
        7
      ]
    }
  },
  {
    "model": "prenotazioni.configurazioneslot",
    "pk": 54,
    "fields": {
      "giorno_settimana": 5,
      "ora_inizio": "10:00:00",
      "ora_fine": "11:00:00",
      "durata_slot_minuti": 60,
      "max_prenotazioni_per_slot": 2,
      "attivo": true,
      "servizi_ammessi": [
        4,
        6,
        5,
        1,
        7
      ]
    }
  },
  {
    "model": "prenotazioni.configurazioneslot",
    "pk": 55,
    "fields": {
      "giorno_settimana": 5,
      "ora_inizio": "11:00:00",
      "ora_fine": "12:00:00",
      "durata_slot_minuti": 60,
      "max_prenotazioni_per_slot": 2,
      "attivo": true,
      "servizi_ammessi": [
        4,
        6,
        5,
        1,
        7
      ]
    }
  },
  {
    "model": "prenotazioni.configurazioneslot",
    "pk": 56,
    "fields": {
      "giorno_settimana": 5,
      "ora_inizio": "12:00:00",
      "ora_fine": "13:00:00",
      "durata_slot_minuti": 60,
      "max_prenotazioni_per_slot": 2,
      "attivo": true,
      "servizi_ammessi": [
        4,
        6,
        5,
        1,
        7
      ]
    }
  },
  {
    "model": "prenotazioni.configurazioneslot",
    "pk": 57,
    "fields": {
      "giorno_settimana": 5,
      "ora_inizio": "15:00:00",
      "ora_fine": "16:00:00",
      "durata_slot_minuti": 60,
      "max_prenotazioni_per_slot": 2,
      "attivo": true,
      "servizi_ammessi": [
        4,
        6,
        5,
        1,
        7
      ]
    }
  },
  {
    "model": "prenotazioni.configurazioneslot",
    "pk": 58,
    "fields": {
      "giorno_settimana": 5,
      "ora_inizio": "16:00:00",
      "ora_fine": "17:00:00",
      "durata_slot_minuti": 60,
      "max_prenotazioni_per_slot": 2,
      "attivo": true,
      "servizi_ammessi": [
        4,
        6,
        5,
        1,
        7
      ]
    }
  },
  {
    "model": "prenotazioni.configurazioneslot",
    "pk": 59,
    "fields": {
      "giorno_settimana": 5,
      "ora_inizio": "17:00:00",
      "ora_fine": "18:00:00",
      "durata_slot_minuti": 60,
      "max_prenotazioni_per_slot": 2,
      "attivo": true,
      "servizi_ammessi": [
        4,
        6,
        5,
        1,
        7
      ]
    }
  },
  {
    "model": "prenotazioni.configurazioneslot",
    "pk": 60,
    "fields": {
      "giorno_settimana": 5,
      "ora_inizio": "18:00:00",
      "ora_fine": "19:00:00",
      "durata_slot_minuti": 60,
      "max_prenotazioni_per_slot": 2,
      "attivo": true,
      "servizi_ammessi": [
        4,
        6,
        5,
        1,
        7
      ]
    }
  },
  {
    "model": "prenotazioni.slotprenotazione",
    "pk": 121,
    "fields": {
      "data": "2025-07-07",
      "ora_inizio": "08:00:00",
      "ora_fine": "09:00:00",
      "prenotazioni_attuali": 0,
      "max_prenotazioni": 2,
      "disponibile": true
    }
  },
  {
    "model": "prenotazioni.slotprenotazione",
    "pk": 122,
    "fields": {
      "data": "2025-07-07",
      "ora_inizio": "09:00:00",
      "ora_fine": "10:00:00",
      "prenotazioni_attuali": 0,
      "max_prenotazioni": 2,
      "disponibile": true
    }
  },
  {
    "model": "prenotazioni.slotprenotazione",
    "pk": 123,
    "fields": {
      "data": "2025-07-07",
      "ora_inizio": "10:00:00",
      "ora_fine": "11:00:00",
      "prenotazioni_attuali": 0,
      "max_prenotazioni": 2,
      "disponibile": true
    }
  },
  {
    "model": "prenotazioni.slotprenotazione",
    "pk": 124,
    "fields": {
      "data": "2025-07-07",
      "ora_inizio": "11:00:00",
      "ora_fine": "12:00:00",
      "prenotazioni_attuali": 0,
      "max_prenotazioni": 2,
      "disponibile": true
    }
  },
  {
    "model": "prenotazioni.slotprenotazione",
    "pk": 125,
    "fields": {
      "data": "2025-07-07",
      "ora_inizio": "12:00:00",
      "ora_fine": "13:00:00",
      "prenotazioni_attuali": 0,
      "max_prenotazioni": 2,
      "disponibile": true
    }
  },
  {
    "model": "prenotazioni.slotprenotazione",
    "pk": 126,
    "fields": {
      "data": "2025-07-07",
      "ora_inizio": "15:00:00",
      "ora_fine": "16:00:00",
      "prenotazioni_attuali": 0,
      "max_prenotazioni": 2,
      "disponibile": true
    }
  },
  {
    "model": "prenotazioni.slotprenotazione",
    "pk": 127,
    "fields": {
      "data": "2025-07-07",
      "ora_inizio": "16:00:00",
      "ora_fine": "17:00:00",
      "prenotazioni_attuali": 0,
      "max_prenotazioni": 2,
      "disponibile": true
    }
  },
  {
    "model": "prenotazioni.slotprenotazione",
    "pk": 128,
    "fields": {
      "data": "2025-07-07",
      "ora_inizio": "17:00:00",
      "ora_fine": "18:00:00",
      "prenotazioni_attuali": 0,
      "max_prenotazioni": 2,
      "disponibile": true
    }
  },
  {
    "model": "prenotazioni.slotprenotazione",
    "pk": 129,
    "fields": {
      "data": "2025-07-07",
      "ora_inizio": "18:00:00",
      "ora_fine": "19:00:00",
      "prenotazioni_attuali": 0,
      "max_prenotazioni": 2,
      "disponibile": true
    }
  },
  {
    "model": "prenotazioni.slotprenotazione",
    "pk": 130,
    "fields": {
      "data": "2025-07-08",
      "ora_inizio": "08:00:00",
      "ora_fine": "09:00:00",
      "prenotazioni_attuali": 0,
      "max_prenotazioni": 2,
      "disponibile": true
    }
  },
  {
    "model": "prenotazioni.slotprenotazione",
    "pk": 131,
    "fields": {
      "data": "2025-07-08",
      "ora_inizio": "09:00:00",
      "ora_fine": "10:00:00",
      "prenotazioni_attuali": 0,
      "max_prenotazioni": 2,
      "disponibile": true
    }
  },
  {
    "model": "prenotazioni.slotprenotazione",
    "pk": 132,
    "fields": {
      "data": "2025-07-08",
      "ora_inizio": "10:00:00",
      "ora_fine": "11:00:00",
      "prenotazioni_attuali": 0,
      "max_prenotazioni": 2,
      "disponibile": true
    }
  },
  {
    "model": "prenotazioni.slotprenotazione",
    "pk": 133,
    "fields": {
      "data": "2025-07-08",
      "ora_inizio": "11:00:00",
      "ora_fine": "12:00:00",
      "prenotazioni_attuali": 0,
      "max_prenotazioni": 2,
      "disponibile": true
    }
  },
  {
    "model": "prenotazioni.slotprenotazione",
    "pk": 134,
    "fields": {
      "data": "2025-07-08",
      "ora_inizio": "12:00:00",
      "ora_fine": "13:00:00",
      "prenotazioni_attuali": 0,
      "max_prenotazioni": 2,
      "disponibile": true
    }
  },
  {
    "model": "prenotazioni.slotprenotazione",
    "pk": 135,
    "fields": {
      "data": "2025-07-08",
      "ora_inizio": "15:00:00",
      "ora_fine": "16:00:00",
      "prenotazioni_attuali": 0,
      "max_prenotazioni": 2,
      "disponibile": true
    }
  },
  {
    "model": "prenotazioni.slotprenotazione",
    "pk": 136,
    "fields": {
      "data": "2025-07-08",
      "ora_inizio": "16:00:00",
      "ora_fine": "17:00:00",
      "prenotazioni_attuali": 0,
      "max_prenotazioni": 2,
      "disponibile": true
    }
  },
  {
    "model": "prenotazioni.slotprenotazione",
    "pk": 137,
    "fields": {
      "data": "2025-07-08",
      "ora_inizio": "17:00:00",
      "ora_fine": "18:00:00",
      "prenotazioni_attuali": 0,
      "max_prenotazioni": 2,
      "disponibile": true
    }
  },
  {
    "model": "prenotazioni.slotprenotazione",
    "pk": 138,
    "fields": {
      "data": "2025-07-08",
      "ora_inizio": "18:00:00",
      "ora_fine": "19:00:00",
      "prenotazioni_attuali": 0,
      "max_prenotazioni": 2,
      "disponibile": true
    }
  },
  {
    "model": "prenotazioni.slotprenotazione",
    "pk": 139,
    "fields": {
      "data": "2025-07-09",
      "ora_inizio": "08:00:00",
      "ora_fine": "09:00:00",
      "prenotazioni_attuali": 0,
      "max_prenotazioni": 2,
      "disponibile": true
    }
  },
  {
    "model": "prenotazioni.slotprenotazione",
    "pk": 140,
    "fields": {
      "data": "2025-07-09",
      "ora_inizio": "09:00:00",
      "ora_fine": "10:00:00",
      "prenotazioni_attuali": 0,
      "max_prenotazioni": 2,
      "disponibile": true
    }
  },
  {
    "model": "prenotazioni.slotprenotazione",
    "pk": 141,
    "fields": {
      "data": "2025-07-09",
      "ora_inizio": "10:00:00",
      "ora_fine": "11:00:00",
      "prenotazioni_attuali": 0,
      "max_prenotazioni": 2,
      "disponibile": true
    }
  },
  {
    "model": "prenotazioni.slotprenotazione",
    "pk": 142,
    "fields": {
      "data": "2025-07-09",
      "ora_inizio": "11:00:00",
      "ora_fine": "12:00:00",
      "prenotazioni_attuali": 0,
      "max_prenotazioni": 2,
      "disponibile": true
    }
  },
  {
    "model": "prenotazioni.slotprenotazione",
    "pk": 143,
    "fields": {
      "data": "2025-07-09",
      "ora_inizio": "12:00:00",
      "ora_fine": "13:00:00",
      "prenotazioni_attuali": 0,
      "max_prenotazioni": 2,
      "disponibile": true
    }
  },
  {
    "model": "prenotazioni.slotprenotazione",
    "pk": 144,
    "fields": {
      "data": "2025-07-09",
      "ora_inizio": "15:00:00",
      "ora_fine": "16:00:00",
      "prenotazioni_attuali": 0,
      "max_prenotazioni": 2,
      "disponibile": true
    }
  },
  {
    "model": "prenotazioni.slotprenotazione",
    "pk": 145,
    "fields": {
      "data": "2025-07-09",
      "ora_inizio": "16:00:00",
      "ora_fine": "17:00:00",
      "prenotazioni_attuali": 0,
      "max_prenotazioni": 2,
      "disponibile": true
    }
  },
  {
    "model": "prenotazioni.slotprenotazione",
    "pk": 146,
    "fields": {
      "data": "2025-07-09",
      "ora_inizio": "17:00:00",
      "ora_fine": "18:00:00",
      "prenotazioni_attuali": 0,
      "max_prenotazioni": 2,
      "disponibile": true
    }
  },
  {
    "model": "prenotazioni.slotprenotazione",
    "pk": 147,
    "fields": {
      "data": "2025-07-09",
      "ora_inizio": "18:00:00",
      "ora_fine": "19:00:00",
      "prenotazioni_attuali": 0,
      "max_prenotazioni": 2,
      "disponibile": true
    }
  },
  {
    "model": "prenotazioni.slotprenotazione",
    "pk": 94,
    "fields": {
      "data": "2025-07-14",
      "ora_inizio": "08:00:00",
      "ora_fine": "09:00:00",
      "prenotazioni_attuali": 0,
      "max_prenotazioni": 2,
      "disponibile": true
    }
  },
  {
    "model": "prenotazioni.slotprenotazione",
    "pk": 95,
    "fields": {
      "data": "2025-07-14",
      "ora_inizio": "09:00:00",
      "ora_fine": "10:00:00",
      "prenotazioni_attuali": 0,
      "max_prenotazioni": 2,
      "disponibile": true
    }
  },
  {
    "model": "prenotazioni.slotprenotazione",
    "pk": 96,
    "fields": {
      "data": "2025-07-14",
      "ora_inizio": "10:00:00",
      "ora_fine": "11:00:00",
      "prenotazioni_attuali": 0,
      "max_prenotazioni": 2,
      "disponibile": true
    }
  },
  {
    "model": "prenotazioni.slotprenotazione",
    "pk": 97,
    "fields": {
      "data": "2025-07-14",
      "ora_inizio": "11:00:00",
      "ora_fine": "12:00:00",
      "prenotazioni_attuali": 0,
      "max_prenotazioni": 2,
      "disponibile": true
    }
  },
  {
    "model": "prenotazioni.slotprenotazione",
    "pk": 98,
    "fields": {
      "data": "2025-07-14",
      "ora_inizio": "12:00:00",
      "ora_fine": "13:00:00",
      "prenotazioni_attuali": 0,
      "max_prenotazioni": 2,
      "disponibile": true
    }
  },
  {
    "model": "prenotazioni.slotprenotazione",
    "pk": 99,
    "fields": {
      "data": "2025-07-14",
      "ora_inizio": "15:00:00",
      "ora_fine": "16:00:00",
      "prenotazioni_attuali": 0,
      "max_prenotazioni": 2,
      "disponibile": true
    }
  },
  {
    "model": "prenotazioni.slotprenotazione",
    "pk": 100,
    "fields": {
      "data": "2025-07-14",
      "ora_inizio": "16:00:00",
      "ora_fine": "17:00:00",
      "prenotazioni_attuali": 0,
      "max_prenotazioni": 2,
      "disponibile": true
    }
  },
  {
    "model": "prenotazioni.slotprenotazione",
    "pk": 101,
    "fields": {
      "data": "2025-07-14",
      "ora_inizio": "17:00:00",
      "ora_fine": "18:00:00",
      "prenotazioni_attuali": 0,
      "max_prenotazioni": 2,
      "disponibile": true
    }
  },
  {
    "model": "prenotazioni.slotprenotazione",
    "pk": 102,
    "fields": {
      "data": "2025-07-14",
      "ora_inizio": "18:00:00",
      "ora_fine": "19:00:00",
      "prenotazioni_attuali": 0,
      "max_prenotazioni": 2,
      "disponibile": true
    }
  },
  {
    "model": "prenotazioni.slotprenotazione",
    "pk": 103,
    "fields": {
      "data": "2025-07-15",
      "ora_inizio": "08:00:00",
      "ora_fine": "09:00:00",
      "prenotazioni_attuali": 0,
      "max_prenotazioni": 2,
      "disponibile": true
    }
  },
  {
    "model": "prenotazioni.slotprenotazione",
    "pk": 104,
    "fields": {
      "data": "2025-07-15",
      "ora_inizio": "09:00:00",
      "ora_fine": "10:00:00",
      "prenotazioni_attuali": 0,
      "max_prenotazioni": 2,
      "disponibile": true
    }
  },
  {
    "model": "prenotazioni.slotprenotazione",
    "pk": 105,
    "fields": {
      "data": "2025-07-15",
      "ora_inizio": "10:00:00",
      "ora_fine": "11:00:00",
      "prenotazioni_attuali": 0,
      "max_prenotazioni": 2,
      "disponibile": true
    }
  },
  {
    "model": "prenotazioni.slotprenotazione",
    "pk": 106,
    "fields": {
      "data": "2025-07-15",
      "ora_inizio": "11:00:00",
      "ora_fine": "12:00:00",
      "prenotazioni_attuali": 0,
      "max_prenotazioni": 2,
      "disponibile": true
    }
  },
  {
    "model": "prenotazioni.slotprenotazione",
    "pk": 107,
    "fields": {
      "data": "2025-07-15",
      "ora_inizio": "12:00:00",
      "ora_fine": "13:00:00",
      "prenotazioni_attuali": 0,
      "max_prenotazioni": 2,
      "disponibile": true
    }
  },
  {
    "model": "prenotazioni.slotprenotazione",
    "pk": 108,
    "fields": {
      "data": "2025-07-15",
      "ora_inizio": "15:00:00",
      "ora_fine": "16:00:00",
      "prenotazioni_attuali": 0,
      "max_prenotazioni": 2,
      "disponibile": true
    }
  },
  {
    "model": "prenotazioni.slotprenotazione",
    "pk": 109,
    "fields": {
      "data": "2025-07-15",
      "ora_inizio": "16:00:00",
      "ora_fine": "17:00:00",
      "prenotazioni_attuali": 0,
      "max_prenotazioni": 2,
      "disponibile": true
    }
  },
  {
    "model": "prenotazioni.slotprenotazione",
    "pk": 110,
    "fields": {
      "data": "2025-07-15",
      "ora_inizio": "17:00:00",
      "ora_fine": "18:00:00",
      "prenotazioni_attuali": 0,
      "max_prenotazioni": 2,
      "disponibile": true
    }
  },
  {
    "model": "prenotazioni.slotprenotazione",
    "pk": 111,
    "fields": {
      "data": "2025-07-15",
      "ora_inizio": "18:00:00",
      "ora_fine": "19:00:00",
      "prenotazioni_attuali": 0,
      "max_prenotazioni": 2,
      "disponibile": true
    }
  },
  {
    "model": "prenotazioni.slotprenotazione",
    "pk": 112,
    "fields": {
      "data": "2025-07-16",
      "ora_inizio": "08:00:00",
      "ora_fine": "09:00:00",
      "prenotazioni_attuali": 0,
      "max_prenotazioni": 2,
      "disponibile": true
    }
  },
  {
    "model": "prenotazioni.slotprenotazione",
    "pk": 113,
    "fields": {
      "data": "2025-07-16",
      "ora_inizio": "09:00:00",
      "ora_fine": "10:00:00",
      "prenotazioni_attuali": 0,
      "max_prenotazioni": 2,
      "disponibile": true
    }
  },
  {
    "model": "prenotazioni.slotprenotazione",
    "pk": 114,
    "fields": {
      "data": "2025-07-16",
      "ora_inizio": "10:00:00",
      "ora_fine": "11:00:00",
      "prenotazioni_attuali": 0,
      "max_prenotazioni": 2,
      "disponibile": true
    }
  },
  {
    "model": "prenotazioni.slotprenotazione",
    "pk": 115,
    "fields": {
      "data": "2025-07-16",
      "ora_inizio": "11:00:00",
      "ora_fine": "12:00:00",
      "prenotazioni_attuali": 0,
      "max_prenotazioni": 2,
      "disponibile": true
    }
  },
  {
    "model": "prenotazioni.slotprenotazione",
    "pk": 116,
    "fields": {
      "data": "2025-07-16",
      "ora_inizio": "12:00:00",
      "ora_fine": "13:00:00",
      "prenotazioni_attuali": 0,
      "max_prenotazioni": 2,
      "disponibile": true
    }
  },
  {
    "model": "prenotazioni.slotprenotazione",
    "pk": 117,
    "fields": {
      "data": "2025-07-16",
      "ora_inizio": "15:00:00",
      "ora_fine": "16:00:00",
      "prenotazioni_attuali": 0,
      "max_prenotazioni": 2,
      "disponibile": true
    }
  },
  {
    "model": "prenotazioni.slotprenotazione",
    "pk": 118,
    "fields": {
      "data": "2025-07-16",
      "ora_inizio": "16:00:00",
      "ora_fine": "17:00:00",
      "prenotazioni_attuali": 0,
      "max_prenotazioni": 2,
      "disponibile": true
    }
  },
  {
    "model": "prenotazioni.slotprenotazione",
    "pk": 119,
    "fields": {
      "data": "2025-07-16",
      "ora_inizio": "17:00:00",
      "ora_fine": "18:00:00",
      "prenotazioni_attuali": 0,
      "max_prenotazioni": 2,
      "disponibile": true
    }
  },
  {
    "model": "prenotazioni.slotprenotazione",
    "pk": 120,
    "fields": {
      "data": "2025-07-16",
      "ora_inizio": "18:00:00",
      "ora_fine": "19:00:00",
      "prenotazioni_attuali": 0,
      "max_prenotazioni": 2,
      "disponibile": true
    }
  },
  {
    "model": "prenotazioni.slotprenotazione",
    "pk": 13,
    "fields": {
      "data": "2025-07-21",
      "ora_inizio": "08:00:00",
      "ora_fine": "08:45:00",
      "prenotazioni_attuali": 0,
      "max_prenotazioni": 2,
      "disponibile": true
    }
  },
  {
    "model": "prenotazioni.slotprenotazione",
    "pk": 20,
    "fields": {
      "data": "2025-07-21",
      "ora_inizio": "09:00:00",
      "ora_fine": "10:00:00",
      "prenotazioni_attuali": 0,
      "max_prenotazioni": 2,
      "disponibile": true
    }
  },
  {
    "model": "prenotazioni.slotprenotazione",
    "pk": 21,
    "fields": {
      "data": "2025-07-21",
      "ora_inizio": "10:00:00",
      "ora_fine": "11:00:00",
      "prenotazioni_attuali": 0,
      "max_prenotazioni": 2,
      "disponibile": true
    }
  },
  {
    "model": "prenotazioni.slotprenotazione",
    "pk": 22,
    "fields": {
      "data": "2025-07-21",
      "ora_inizio": "11:00:00",
      "ora_fine": "12:00:00",
      "prenotazioni_attuali": 0,
      "max_prenotazioni": 2,
      "disponibile": true
    }
  },
  {
    "model": "prenotazioni.slotprenotazione",
    "pk": 23,
    "fields": {
      "data": "2025-07-21",
      "ora_inizio": "12:00:00",
      "ora_fine": "13:00:00",
      "prenotazioni_attuali": 0,
      "max_prenotazioni": 2,
      "disponibile": true
    }
  },
  {
    "model": "prenotazioni.slotprenotazione",
    "pk": 24,
    "fields": {
      "data": "2025-07-21",
      "ora_inizio": "15:00:00",
      "ora_fine": "16:00:00",
      "prenotazioni_attuali": 0,
      "max_prenotazioni": 2,
      "disponibile": true
    }
  },
  {
    "model": "prenotazioni.slotprenotazione",
    "pk": 25,
    "fields": {
      "data": "2025-07-21",
      "ora_inizio": "16:00:00",
      "ora_fine": "17:00:00",
      "prenotazioni_attuali": 0,
      "max_prenotazioni": 2,
      "disponibile": true
    }
  },
  {
    "model": "prenotazioni.slotprenotazione",
    "pk": 26,
    "fields": {
      "data": "2025-07-21",
      "ora_inizio": "17:00:00",
      "ora_fine": "18:00:00",
      "prenotazioni_attuali": 0,
      "max_prenotazioni": 2,
      "disponibile": true
    }
  },
  {
    "model": "prenotazioni.slotprenotazione",
    "pk": 27,
    "fields": {
      "data": "2025-07-21",
      "ora_inizio": "18:00:00",
      "ora_fine": "19:00:00",
      "prenotazioni_attuali": 0,
      "max_prenotazioni": 2,
      "disponibile": true
    }
  },
  {
    "model": "prenotazioni.slotprenotazione",
    "pk": 31,
    "fields": {
      "data": "2025-07-22",
      "ora_inizio": "08:00:00",
      "ora_fine": "09:00:00",
      "prenotazioni_attuali": 0,
      "max_prenotazioni": 2,
      "disponibile": true
    }
  },
  {
    "model": "prenotazioni.slotprenotazione",
    "pk": 32,
    "fields": {
      "data": "2025-07-22",
      "ora_inizio": "09:00:00",
      "ora_fine": "10:00:00",
      "prenotazioni_attuali": 0,
      "max_prenotazioni": 2,
      "disponibile": true
    }
  },
  {
    "model": "prenotazioni.slotprenotazione",
    "pk": 33,
    "fields": {
      "data": "2025-07-22",
      "ora_inizio": "10:00:00",
      "ora_fine": "11:00:00",
      "prenotazioni_attuali": 0,
      "max_prenotazioni": 2,
      "disponibile": true
    }
  },
  {
    "model": "prenotazioni.slotprenotazione",
    "pk": 34,
    "fields": {
      "data": "2025-07-22",
      "ora_inizio": "11:00:00",
      "ora_fine": "12:00:00",
      "prenotazioni_attuali": 0,
      "max_prenotazioni": 2,
      "disponibile": true
    }
  },
  {
    "model": "prenotazioni.slotprenotazione",
    "pk": 35,
    "fields": {
      "data": "2025-07-22",
      "ora_inizio": "12:00:00",
      "ora_fine": "13:00:00",
      "prenotazioni_attuali": 0,
      "max_prenotazioni": 2,
      "disponibile": true
    }
  },
  {
    "model": "prenotazioni.slotprenotazione",
    "pk": 36,
    "fields": {
      "data": "2025-07-22",
      "ora_inizio": "15:00:00",
      "ora_fine": "16:00:00",
      "prenotazioni_attuali": 0,
      "max_prenotazioni": 2,
      "disponibile": true
    }
  },
  {
    "model": "prenotazioni.slotprenotazione",
    "pk": 37,
    "fields": {
      "data": "2025-07-22",
      "ora_inizio": "16:00:00",
      "ora_fine": "17:00:00",
      "prenotazioni_attuali": 0,
      "max_prenotazioni": 2,
      "disponibile": true
    }
  },
  {
    "model": "prenotazioni.slotprenotazione",
    "pk": 38,
    "fields": {
      "data": "2025-07-22",
      "ora_inizio": "17:00:00",
      "ora_fine": "18:00:00",
      "prenotazioni_attuali": 0,
      "max_prenotazioni": 2,
      "disponibile": true
    }
  },
  {
    "model": "prenotazioni.slotprenotazione",
    "pk": 39,
    "fields": {
      "data": "2025-07-22",
      "ora_inizio": "18:00:00",
      "ora_fine": "19:00:00",
      "prenotazioni_attuali": 0,
      "max_prenotazioni": 2,
      "disponibile": true
    }
  },
  {
    "model": "prenotazioni.slotprenotazione",
    "pk": 40,
    "fields": {
      "data": "2025-07-23",
      "ora_inizio": "08:00:00",
      "ora_fine": "09:00:00",
      "prenotazioni_attuali": 0,
      "max_prenotazioni": 2,
      "disponibile": true
    }
  },
  {
    "model": "prenotazioni.slotprenotazione",
    "pk": 41,
    "fields": {
      "data": "2025-07-23",
      "ora_inizio": "09:00:00",
      "ora_fine": "10:00:00",
      "prenotazioni_attuali": 0,
      "max_prenotazioni": 2,
      "disponibile": true
    }
  },
  {
    "model": "prenotazioni.slotprenotazione",
    "pk": 42,
    "fields": {
      "data": "2025-07-23",
      "ora_inizio": "10:00:00",
      "ora_fine": "11:00:00",
      "prenotazioni_attuali": 1,
      "max_prenotazioni": 2,
      "disponibile": true
    }
  },
  {
    "model": "prenotazioni.slotprenotazione",
    "pk": 43,
    "fields": {
      "data": "2025-07-23",
      "ora_inizio": "11:00:00",
      "ora_fine": "12:00:00",
      "prenotazioni_attuali": 0,
      "max_prenotazioni": 2,
      "disponibile": true
    }
  },
  {
    "model": "prenotazioni.slotprenotazione",
    "pk": 44,
    "fields": {
      "data": "2025-07-23",
      "ora_inizio": "12:00:00",
      "ora_fine": "13:00:00",
      "prenotazioni_attuali": 0,
      "max_prenotazioni": 2,
      "disponibile": true
    }
  },
  {
    "model": "prenotazioni.slotprenotazione",
    "pk": 45,
    "fields": {
      "data": "2025-07-23",
      "ora_inizio": "15:00:00",
      "ora_fine": "16:00:00",
      "prenotazioni_attuali": 0,
      "max_prenotazioni": 2,
      "disponibile": true
    }
  },
  {
    "model": "prenotazioni.slotprenotazione",
    "pk": 46,
    "fields": {
      "data": "2025-07-23",
      "ora_inizio": "16:00:00",
      "ora_fine": "17:00:00",
      "prenotazioni_attuali": 0,
      "max_prenotazioni": 2,
      "disponibile": true
    }
  },
  {
    "model": "prenotazioni.slotprenotazione",
    "pk": 47,
    "fields": {
      "data": "2025-07-23",
      "ora_inizio": "17:00:00",
      "ora_fine": "18:00:00",
      "prenotazioni_attuali": 0,
      "max_prenotazioni": 2,
      "disponibile": true
    }
  },
  {
    "model": "prenotazioni.slotprenotazione",
    "pk": 48,
    "fields": {
      "data": "2025-07-23",
      "ora_inizio": "18:00:00",
      "ora_fine": "19:00:00",
      "prenotazioni_attuali": 0,
      "max_prenotazioni": 2,
      "disponibile": true
    }
  },
  {
    "model": "prenotazioni.slotprenotazione",
    "pk": 148,
    "fields": {
      "data": "2025-07-24",
      "ora_inizio": "08:00:00",
      "ora_fine": "09:00:00",
      "prenotazioni_attuali": 0,
      "max_prenotazioni": 2,
      "disponibile": true
    }
  },
  {
    "model": "prenotazioni.slotprenotazione",
    "pk": 149,
    "fields": {
      "data": "2025-07-24",
      "ora_inizio": "09:00:00",
      "ora_fine": "10:00:00",
      "prenotazioni_attuali": 0,
      "max_prenotazioni": 2,
      "disponibile": true
    }
  },
  {
    "model": "prenotazioni.slotprenotazione",
    "pk": 150,
    "fields": {
      "data": "2025-07-24",
      "ora_inizio": "10:00:00",
      "ora_fine": "11:00:00",
      "prenotazioni_attuali": 1,
      "max_prenotazioni": 2,
      "disponibile": true
    }
  },
  {
    "model": "prenotazioni.slotprenotazione",
    "pk": 151,
    "fields": {
      "data": "2025-07-24",
      "ora_inizio": "11:00:00",
      "ora_fine": "12:00:00",
      "prenotazioni_attuali": 0,
      "max_prenotazioni": 2,
      "disponibile": true
    }
  },
  {
    "model": "prenotazioni.slotprenotazione",
    "pk": 152,
    "fields": {
      "data": "2025-07-24",
      "ora_inizio": "12:00:00",
      "ora_fine": "13:00:00",
      "prenotazioni_attuali": 0,
      "max_prenotazioni": 2,
      "disponibile": true
    }
  },
  {
    "model": "prenotazioni.slotprenotazione",
    "pk": 153,
    "fields": {
      "data": "2025-07-24",
      "ora_inizio": "15:00:00",
      "ora_fine": "16:00:00",
      "prenotazioni_attuali": 0,
      "max_prenotazioni": 2,
      "disponibile": true
    }
  },
  {
    "model": "prenotazioni.slotprenotazione",
    "pk": 154,
    "fields": {
      "data": "2025-07-24",
      "ora_inizio": "16:00:00",
      "ora_fine": "17:00:00",
      "prenotazioni_attuali": 0,
      "max_prenotazioni": 2,
      "disponibile": true
    }
  },
  {
    "model": "prenotazioni.slotprenotazione",
    "pk": 155,
    "fields": {
      "data": "2025-07-24",
      "ora_inizio": "17:00:00",
      "ora_fine": "18:00:00",
      "prenotazioni_attuali": 0,
      "max_prenotazioni": 2,
      "disponibile": true
    }
  },
  {
    "model": "prenotazioni.slotprenotazione",
    "pk": 156,
    "fields": {
      "data": "2025-07-24",
      "ora_inizio": "18:00:00",
      "ora_fine": "19:00:00",
      "prenotazioni_attuali": 0,
      "max_prenotazioni": 2,
      "disponibile": true
    }
  },
  {
    "model": "prenotazioni.slotprenotazione",
    "pk": 157,
    "fields": {
      "data": "2025-07-25",
      "ora_inizio": "08:00:00",
      "ora_fine": "09:00:00",
      "prenotazioni_attuali": 0,
      "max_prenotazioni": 2,
      "disponibile": true
    }
  },
  {
    "model": "prenotazioni.slotprenotazione",
    "pk": 158,
    "fields": {
      "data": "2025-07-25",
      "ora_inizio": "09:00:00",
      "ora_fine": "10:00:00",
      "prenotazioni_attuali": 0,
      "max_prenotazioni": 2,
      "disponibile": true
    }
  },
  {
    "model": "prenotazioni.slotprenotazione",
    "pk": 159,
    "fields": {
      "data": "2025-07-25",
      "ora_inizio": "10:00:00",
      "ora_fine": "11:00:00",
      "prenotazioni_attuali": 0,
      "max_prenotazioni": 2,
      "disponibile": true
    }
  },
  {
    "model": "prenotazioni.slotprenotazione",
    "pk": 160,
    "fields": {
      "data": "2025-07-25",
      "ora_inizio": "11:00:00",
      "ora_fine": "12:00:00",
      "prenotazioni_attuali": 0,
      "max_prenotazioni": 2,
      "disponibile": true
    }
  },
  {
    "model": "prenotazioni.slotprenotazione",
    "pk": 161,
    "fields": {
      "data": "2025-07-25",
      "ora_inizio": "12:00:00",
      "ora_fine": "13:00:00",
      "prenotazioni_attuali": 0,
      "max_prenotazioni": 2,
      "disponibile": true
    }
  },
  {
    "model": "prenotazioni.slotprenotazione",
    "pk": 162,
    "fields": {
      "data": "2025-07-25",
      "ora_inizio": "15:00:00",
      "ora_fine": "16:00:00",
      "prenotazioni_attuali": 0,
      "max_prenotazioni": 2,
      "disponibile": true
    }
  },
  {
    "model": "prenotazioni.slotprenotazione",
    "pk": 163,
    "fields": {
      "data": "2025-07-25",
      "ora_inizio": "16:00:00",
      "ora_fine": "17:00:00",
      "prenotazioni_attuali": 0,
      "max_prenotazioni": 2,
      "disponibile": true
    }
  },
  {
    "model": "prenotazioni.slotprenotazione",
    "pk": 164,
    "fields": {
      "data": "2025-07-25",
      "ora_inizio": "17:00:00",
      "ora_fine": "18:00:00",
      "prenotazioni_attuali": 0,
      "max_prenotazioni": 2,
      "disponibile": true
    }
  },
  {
    "model": "prenotazioni.slotprenotazione",
    "pk": 165,
    "fields": {
      "data": "2025-07-25",
      "ora_inizio": "18:00:00",
      "ora_fine": "19:00:00",
      "prenotazioni_attuali": 0,
      "max_prenotazioni": 2,
      "disponibile": true
    }
  },
  {
    "model": "prenotazioni.slotprenotazione",
    "pk": 166,
    "fields": {
      "data": "2025-07-26",
      "ora_inizio": "08:00:00",
      "ora_fine": "09:00:00",
      "prenotazioni_attuali": 2,
      "max_prenotazioni": 2,
      "disponibile": true
    }
  },
  {
    "model": "prenotazioni.slotprenotazione",
    "pk": 167,
    "fields": {
      "data": "2025-07-26",
      "ora_inizio": "09:00:00",
      "ora_fine": "10:00:00",
      "prenotazioni_attuali": 1,
      "max_prenotazioni": 2,
      "disponibile": true
    }
  },
  {
    "model": "prenotazioni.slotprenotazione",
    "pk": 168,
    "fields": {
      "data": "2025-07-26",
      "ora_inizio": "10:00:00",
      "ora_fine": "11:00:00",
      "prenotazioni_attuali": 0,
      "max_prenotazioni": 2,
      "disponibile": true
    }
  },
  {
    "model": "prenotazioni.slotprenotazione",
    "pk": 169,
    "fields": {
      "data": "2025-07-26",
      "ora_inizio": "11:00:00",
      "ora_fine": "12:00:00",
      "prenotazioni_attuali": 0,
      "max_prenotazioni": 2,
      "disponibile": true
    }
  },
  {
    "model": "prenotazioni.slotprenotazione",
    "pk": 170,
    "fields": {
      "data": "2025-07-26",
      "ora_inizio": "12:00:00",
      "ora_fine": "13:00:00",
      "prenotazioni_attuali": 0,
      "max_prenotazioni": 2,
      "disponibile": true
    }
  },
  {
    "model": "prenotazioni.slotprenotazione",
    "pk": 171,
    "fields": {
      "data": "2025-07-26",
      "ora_inizio": "15:00:00",
      "ora_fine": "16:00:00",
      "prenotazioni_attuali": 0,
      "max_prenotazioni": 2,
      "disponibile": true
    }
  },
  {
    "model": "prenotazioni.slotprenotazione",
    "pk": 172,
    "fields": {
      "data": "2025-07-26",
      "ora_inizio": "16:00:00",
      "ora_fine": "17:00:00",
      "prenotazioni_attuali": 0,
      "max_prenotazioni": 2,
      "disponibile": true
    }
  },
  {
    "model": "prenotazioni.slotprenotazione",
    "pk": 173,
    "fields": {
      "data": "2025-07-26",
      "ora_inizio": "17:00:00",
      "ora_fine": "18:00:00",
      "prenotazioni_attuali": 0,
      "max_prenotazioni": 2,
      "disponibile": true
    }
  },
  {
    "model": "prenotazioni.slotprenotazione",
    "pk": 174,
    "fields": {
      "data": "2025-07-26",
      "ora_inizio": "18:00:00",
      "ora_fine": "19:00:00",
      "prenotazioni_attuali": 0,
      "max_prenotazioni": 2,
      "disponibile": true
    }
  },
  {
    "model": "prenotazioni.slotprenotazione",
    "pk": 14,
    "fields": {
      "data": "2025-07-28",
      "ora_inizio": "08:00:00",
      "ora_fine": "09:00:00",
      "prenotazioni_attuali": 0,
      "max_prenotazioni": 2,
      "disponibile": true
    }
  },
  {
    "model": "prenotazioni.slotprenotazione",
    "pk": 15,
    "fields": {
      "data": "2025-07-28",
      "ora_inizio": "09:00:00",
      "ora_fine": "10:00:00",
      "prenotazioni_attuali": 0,
      "max_prenotazioni": 2,
      "disponibile": true
    }
  },
  {
    "model": "prenotazioni.slotprenotazione",
    "pk": 16,
    "fields": {
      "data": "2025-07-28",
      "ora_inizio": "10:00:00",
      "ora_fine": "11:00:00",
      "prenotazioni_attuali": 0,
      "max_prenotazioni": 2,
      "disponibile": true
    }
  },
  {
    "model": "prenotazioni.slotprenotazione",
    "pk": 17,
    "fields": {
      "data": "2025-07-28",
      "ora_inizio": "11:00:00",
      "ora_fine": "12:00:00",
      "prenotazioni_attuali": 0,
      "max_prenotazioni": 2,
      "disponibile": true
    }
  },
  {
    "model": "prenotazioni.slotprenotazione",
    "pk": 18,
    "fields": {
      "data": "2025-07-28",
      "ora_inizio": "12:00:00",
      "ora_fine": "13:00:00",
      "prenotazioni_attuali": 0,
      "max_prenotazioni": 2,
      "disponibile": true
    }
  },
  {
    "model": "prenotazioni.slotprenotazione",
    "pk": 19,
    "fields": {
      "data": "2025-07-28",
      "ora_inizio": "15:00:00",
      "ora_fine": "16:00:00",
      "prenotazioni_attuali": 0,
      "max_prenotazioni": 2,
      "disponibile": true
    }
  },
  {
    "model": "prenotazioni.slotprenotazione",
    "pk": 28,
    "fields": {
      "data": "2025-07-28",
      "ora_inizio": "16:00:00",
      "ora_fine": "17:00:00",
      "prenotazioni_attuali": 0,
      "max_prenotazioni": 2,
      "disponibile": true
    }
  },
  {
    "model": "prenotazioni.slotprenotazione",
    "pk": 29,
    "fields": {
      "data": "2025-07-28",
      "ora_inizio": "17:00:00",
      "ora_fine": "18:00:00",
      "prenotazioni_attuali": 0,
      "max_prenotazioni": 2,
      "disponibile": true
    }
  },
  {
    "model": "prenotazioni.slotprenotazione",
    "pk": 30,
    "fields": {
      "data": "2025-07-28",
      "ora_inizio": "18:00:00",
      "ora_fine": "19:00:00",
      "prenotazioni_attuali": 0,
      "max_prenotazioni": 2,
      "disponibile": true
    }
  },
  {
    "model": "prenotazioni.slotprenotazione",
    "pk": 49,
    "fields": {
      "data": "2025-07-29",
      "ora_inizio": "08:00:00",
      "ora_fine": "09:00:00",
      "prenotazioni_attuali": 0,
      "max_prenotazioni": 2,
      "disponibile": true
    }
  },
  {
    "model": "prenotazioni.slotprenotazione",
    "pk": 50,
    "fields": {
      "data": "2025-07-29",
      "ora_inizio": "09:00:00",
      "ora_fine": "10:00:00",
      "prenotazioni_attuali": 0,
      "max_prenotazioni": 2,
      "disponibile": true
    }
  },
  {
    "model": "prenotazioni.slotprenotazione",
    "pk": 51,
    "fields": {
      "data": "2025-07-29",
      "ora_inizio": "10:00:00",
      "ora_fine": "11:00:00",
      "prenotazioni_attuali": 0,
      "max_prenotazioni": 2,
      "disponibile": true
    }
  },
  {
    "model": "prenotazioni.slotprenotazione",
    "pk": 52,
    "fields": {
      "data": "2025-07-29",
      "ora_inizio": "11:00:00",
      "ora_fine": "12:00:00",
      "prenotazioni_attuali": 0,
      "max_prenotazioni": 2,
      "disponibile": true
    }
  },
  {
    "model": "prenotazioni.slotprenotazione",
    "pk": 53,
    "fields": {
      "data": "2025-07-29",
      "ora_inizio": "12:00:00",
      "ora_fine": "13:00:00",
      "prenotazioni_attuali": 0,
      "max_prenotazioni": 2,
      "disponibile": true
    }
  },
  {
    "model": "prenotazioni.slotprenotazione",
    "pk": 54,
    "fields": {
      "data": "2025-07-29",
      "ora_inizio": "15:00:00",
      "ora_fine": "16:00:00",
      "prenotazioni_attuali": 0,
      "max_prenotazioni": 2,
      "disponibile": true
    }
  },
  {
    "model": "prenotazioni.slotprenotazione",
    "pk": 55,
    "fields": {
      "data": "2025-07-29",
      "ora_inizio": "16:00:00",
      "ora_fine": "17:00:00",
      "prenotazioni_attuali": 0,
      "max_prenotazioni": 2,
      "disponibile": true
    }
  },
  {
    "model": "prenotazioni.slotprenotazione",
    "pk": 56,
    "fields": {
      "data": "2025-07-29",
      "ora_inizio": "17:00:00",
      "ora_fine": "18:00:00",
      "prenotazioni_attuali": 0,
      "max_prenotazioni": 2,
      "disponibile": true
    }
  },
  {
    "model": "prenotazioni.slotprenotazione",
    "pk": 57,
    "fields": {
      "data": "2025-07-29",
      "ora_inizio": "18:00:00",
      "ora_fine": "19:00:00",
      "prenotazioni_attuali": 0,
      "max_prenotazioni": 2,
      "disponibile": true
    }
  },
  {
    "model": "prenotazioni.slotprenotazione",
    "pk": 58,
    "fields": {
      "data": "2025-07-30",
      "ora_inizio": "08:00:00",
      "ora_fine": "09:00:00",
      "prenotazioni_attuali": 0,
      "max_prenotazioni": 2,
      "disponibile": true
    }
  },
  {
    "model": "prenotazioni.slotprenotazione",
    "pk": 59,
    "fields": {
      "data": "2025-07-30",
      "ora_inizio": "09:00:00",
      "ora_fine": "10:00:00",
      "prenotazioni_attuali": 0,
      "max_prenotazioni": 2,
      "disponibile": true
    }
  },
  {
    "model": "prenotazioni.slotprenotazione",
    "pk": 60,
    "fields": {
      "data": "2025-07-30",
      "ora_inizio": "10:00:00",
      "ora_fine": "11:00:00",
      "prenotazioni_attuali": 0,
      "max_prenotazioni": 2,
      "disponibile": true
    }
  },
  {
    "model": "prenotazioni.slotprenotazione",
    "pk": 61,
    "fields": {
      "data": "2025-07-30",
      "ora_inizio": "11:00:00",
      "ora_fine": "12:00:00",
      "prenotazioni_attuali": 0,
      "max_prenotazioni": 2,
      "disponibile": true
    }
  },
  {
    "model": "prenotazioni.slotprenotazione",
    "pk": 62,
    "fields": {
      "data": "2025-07-30",
      "ora_inizio": "12:00:00",
      "ora_fine": "13:00:00",
      "prenotazioni_attuali": 1,
      "max_prenotazioni": 2,
      "disponibile": true
    }
  },
  {
    "model": "prenotazioni.slotprenotazione",
    "pk": 63,
    "fields": {
      "data": "2025-07-30",
      "ora_inizio": "15:00:00",
      "ora_fine": "16:00:00",
      "prenotazioni_attuali": 0,
      "max_prenotazioni": 2,
      "disponibile": true
    }
  },
  {
    "model": "prenotazioni.slotprenotazione",
    "pk": 64,
    "fields": {
      "data": "2025-07-30",
      "ora_inizio": "16:00:00",
      "ora_fine": "17:00:00",
      "prenotazioni_attuali": 0,
      "max_prenotazioni": 2,
      "disponibile": true
    }
  },
  {
    "model": "prenotazioni.slotprenotazione",
    "pk": 65,
    "fields": {
      "data": "2025-07-30",
      "ora_inizio": "17:00:00",
      "ora_fine": "18:00:00",
      "prenotazioni_attuali": 0,
      "max_prenotazioni": 2,
      "disponibile": true
    }
  },
  {
    "model": "prenotazioni.slotprenotazione",
    "pk": 66,
    "fields": {
      "data": "2025-07-30",
      "ora_inizio": "18:00:00",
      "ora_fine": "19:00:00",
      "prenotazioni_attuali": 0,
      "max_prenotazioni": 2,
      "disponibile": true
    }
  },
  {
    "model": "prenotazioni.slotprenotazione",
    "pk": 175,
    "fields": {
      "data": "2025-07-31",
      "ora_inizio": "08:00:00",
      "ora_fine": "09:00:00",
      "prenotazioni_attuali": 0,
      "max_prenotazioni": 2,
      "disponibile": true
    }
  },
  {
    "model": "prenotazioni.slotprenotazione",
    "pk": 176,
    "fields": {
      "data": "2025-07-31",
      "ora_inizio": "09:00:00",
      "ora_fine": "10:00:00",
      "prenotazioni_attuali": 0,
      "max_prenotazioni": 2,
      "disponibile": true
    }
  },
  {
    "model": "prenotazioni.slotprenotazione",
    "pk": 177,
    "fields": {
      "data": "2025-07-31",
      "ora_inizio": "10:00:00",
      "ora_fine": "11:00:00",
      "prenotazioni_attuali": 0,
      "max_prenotazioni": 2,
      "disponibile": true
    }
  },
  {
    "model": "prenotazioni.slotprenotazione",
    "pk": 178,
    "fields": {
      "data": "2025-07-31",
      "ora_inizio": "11:00:00",
      "ora_fine": "12:00:00",
      "prenotazioni_attuali": 0,
      "max_prenotazioni": 2,
      "disponibile": true
    }
  },
  {
    "model": "prenotazioni.slotprenotazione",
    "pk": 179,
    "fields": {
      "data": "2025-07-31",
      "ora_inizio": "12:00:00",
      "ora_fine": "13:00:00",
      "prenotazioni_attuali": 0,
      "max_prenotazioni": 2,
      "disponibile": true
    }
  },
  {
    "model": "prenotazioni.slotprenotazione",
    "pk": 180,
    "fields": {
      "data": "2025-07-31",
      "ora_inizio": "15:00:00",
      "ora_fine": "16:00:00",
      "prenotazioni_attuali": 0,
      "max_prenotazioni": 2,
      "disponibile": true
    }
  },
  {
    "model": "prenotazioni.slotprenotazione",
    "pk": 181,
    "fields": {
      "data": "2025-07-31",
      "ora_inizio": "16:00:00",
      "ora_fine": "17:00:00",
      "prenotazioni_attuali": 0,
      "max_prenotazioni": 2,
      "disponibile": true
    }
  },
  {
    "model": "prenotazioni.slotprenotazione",
    "pk": 182,
    "fields": {
      "data": "2025-07-31",
      "ora_inizio": "17:00:00",
      "ora_fine": "18:00:00",
      "prenotazioni_attuali": 0,
      "max_prenotazioni": 2,
      "disponibile": true
    }
  },
  {
    "model": "prenotazioni.slotprenotazione",
    "pk": 183,
    "fields": {
      "data": "2025-07-31",
      "ora_inizio": "18:00:00",
      "ora_fine": "19:00:00",
      "prenotazioni_attuali": 0,
      "max_prenotazioni": 2,
      "disponibile": true
    }
  },
  {
    "model": "prenotazioni.slotprenotazione",
    "pk": 184,
    "fields": {
      "data": "2025-08-01",
      "ora_inizio": "08:00:00",
      "ora_fine": "09:00:00",
      "prenotazioni_attuali": 0,
      "max_prenotazioni": 2,
      "disponibile": true
    }
  },
  {
    "model": "prenotazioni.slotprenotazione",
    "pk": 185,
    "fields": {
      "data": "2025-08-01",
      "ora_inizio": "09:00:00",
      "ora_fine": "10:00:00",
      "prenotazioni_attuali": 0,
      "max_prenotazioni": 2,
      "disponibile": true
    }
  },
  {
    "model": "prenotazioni.slotprenotazione",
    "pk": 186,
    "fields": {
      "data": "2025-08-01",
      "ora_inizio": "10:00:00",
      "ora_fine": "11:00:00",
      "prenotazioni_attuali": 0,
      "max_prenotazioni": 2,
      "disponibile": true
    }
  },
  {
    "model": "prenotazioni.slotprenotazione",
    "pk": 187,
    "fields": {
      "data": "2025-08-01",
      "ora_inizio": "11:00:00",
      "ora_fine": "12:00:00",
      "prenotazioni_attuali": 0,
      "max_prenotazioni": 2,
      "disponibile": true
    }
  },
  {
    "model": "prenotazioni.slotprenotazione",
    "pk": 188,
    "fields": {
      "data": "2025-08-01",
      "ora_inizio": "12:00:00",
      "ora_fine": "13:00:00",
      "prenotazioni_attuali": 0,
      "max_prenotazioni": 2,
      "disponibile": true
    }
  },
  {
    "model": "prenotazioni.slotprenotazione",
    "pk": 189,
    "fields": {
      "data": "2025-08-01",
      "ora_inizio": "15:00:00",
      "ora_fine": "16:00:00",
      "prenotazioni_attuali": 0,
      "max_prenotazioni": 2,
      "disponibile": true
    }
  },
  {
    "model": "prenotazioni.slotprenotazione",
    "pk": 190,
    "fields": {
      "data": "2025-08-01",
      "ora_inizio": "16:00:00",
      "ora_fine": "17:00:00",
      "prenotazioni_attuali": 0,
      "max_prenotazioni": 2,
      "disponibile": true
    }
  },
  {
    "model": "prenotazioni.slotprenotazione",
    "pk": 191,
    "fields": {
      "data": "2025-08-01",
      "ora_inizio": "17:00:00",
      "ora_fine": "18:00:00",
      "prenotazioni_attuali": 0,
      "max_prenotazioni": 2,
      "disponibile": true
    }
  },
  {
    "model": "prenotazioni.slotprenotazione",
    "pk": 192,
    "fields": {
      "data": "2025-08-01",
      "ora_inizio": "18:00:00",
      "ora_fine": "19:00:00",
      "prenotazioni_attuali": 0,
      "max_prenotazioni": 2,
      "disponibile": true
    }
  },
  {
    "model": "prenotazioni.slotprenotazione",
    "pk": 193,
    "fields": {
      "data": "2025-08-02",
      "ora_inizio": "08:00:00",
      "ora_fine": "09:00:00",
      "prenotazioni_attuali": 0,
      "max_prenotazioni": 2,
      "disponibile": true
    }
  },
  {
    "model": "prenotazioni.slotprenotazione",
    "pk": 194,
    "fields": {
      "data": "2025-08-02",
      "ora_inizio": "09:00:00",
      "ora_fine": "10:00:00",
      "prenotazioni_attuali": 0,
      "max_prenotazioni": 2,
      "disponibile": true
    }
  },
  {
    "model": "prenotazioni.slotprenotazione",
    "pk": 195,
    "fields": {
      "data": "2025-08-02",
      "ora_inizio": "10:00:00",
      "ora_fine": "11:00:00",
      "prenotazioni_attuali": 0,
      "max_prenotazioni": 2,
      "disponibile": true
    }
  },
  {
    "model": "prenotazioni.slotprenotazione",
    "pk": 196,
    "fields": {
      "data": "2025-08-02",
      "ora_inizio": "11:00:00",
      "ora_fine": "12:00:00",
      "prenotazioni_attuali": 0,
      "max_prenotazioni": 2,
      "disponibile": true
    }
  },
  {
    "model": "prenotazioni.slotprenotazione",
    "pk": 197,
    "fields": {
      "data": "2025-08-02",
      "ora_inizio": "12:00:00",
      "ora_fine": "13:00:00",
      "prenotazioni_attuali": 0,
      "max_prenotazioni": 2,
      "disponibile": true
    }
  },
  {
    "model": "prenotazioni.slotprenotazione",
    "pk": 198,
    "fields": {
      "data": "2025-08-02",
      "ora_inizio": "15:00:00",
      "ora_fine": "16:00:00",
      "prenotazioni_attuali": 0,
      "max_prenotazioni": 2,
      "disponibile": true
    }
  },
  {
    "model": "prenotazioni.slotprenotazione",
    "pk": 199,
    "fields": {
      "data": "2025-08-02",
      "ora_inizio": "16:00:00",
      "ora_fine": "17:00:00",
      "prenotazioni_attuali": 0,
      "max_prenotazioni": 2,
      "disponibile": true
    }
  },
  {
    "model": "prenotazioni.slotprenotazione",
    "pk": 200,
    "fields": {
      "data": "2025-08-02",
      "ora_inizio": "17:00:00",
      "ora_fine": "18:00:00",
      "prenotazioni_attuali": 0,
      "max_prenotazioni": 2,
      "disponibile": true
    }
  },
  {
    "model": "prenotazioni.slotprenotazione",
    "pk": 201,
    "fields": {
      "data": "2025-08-02",
      "ora_inizio": "18:00:00",
      "ora_fine": "19:00:00",
      "prenotazioni_attuali": 0,
      "max_prenotazioni": 2,
      "disponibile": true
    }
  },
  {
    "model": "prenotazioni.slotprenotazione",
    "pk": 67,
    "fields": {
      "data": "2025-08-04",
      "ora_inizio": "08:00:00",
      "ora_fine": "09:00:00",
      "prenotazioni_attuali": 0,
      "max_prenotazioni": 2,
      "disponibile": true
    }
  },
  {
    "model": "prenotazioni.slotprenotazione",
    "pk": 68,
    "fields": {
      "data": "2025-08-04",
      "ora_inizio": "09:00:00",
      "ora_fine": "10:00:00",
      "prenotazioni_attuali": 0,
      "max_prenotazioni": 2,
      "disponibile": true
    }
  },
  {
    "model": "prenotazioni.slotprenotazione",
    "pk": 69,
    "fields": {
      "data": "2025-08-04",
      "ora_inizio": "10:00:00",
      "ora_fine": "11:00:00",
      "prenotazioni_attuali": 0,
      "max_prenotazioni": 2,
      "disponibile": true
    }
  },
  {
    "model": "prenotazioni.slotprenotazione",
    "pk": 70,
    "fields": {
      "data": "2025-08-04",
      "ora_inizio": "11:00:00",
      "ora_fine": "12:00:00",
      "prenotazioni_attuali": 0,
      "max_prenotazioni": 2,
      "disponibile": true
    }
  },
  {
    "model": "prenotazioni.slotprenotazione",
    "pk": 71,
    "fields": {
      "data": "2025-08-04",
      "ora_inizio": "12:00:00",
      "ora_fine": "13:00:00",
      "prenotazioni_attuali": 0,
      "max_prenotazioni": 2,
      "disponibile": true
    }
  },
  {
    "model": "prenotazioni.slotprenotazione",
    "pk": 72,
    "fields": {
      "data": "2025-08-04",
      "ora_inizio": "15:00:00",
      "ora_fine": "16:00:00",
      "prenotazioni_attuali": 0,
      "max_prenotazioni": 2,
      "disponibile": true
    }
  },
  {
    "model": "prenotazioni.slotprenotazione",
    "pk": 73,
    "fields": {
      "data": "2025-08-04",
      "ora_inizio": "16:00:00",
      "ora_fine": "17:00:00",
      "prenotazioni_attuali": 0,
      "max_prenotazioni": 2,
      "disponibile": true
    }
  },
  {
    "model": "prenotazioni.slotprenotazione",
    "pk": 74,
    "fields": {
      "data": "2025-08-04",
      "ora_inizio": "17:00:00",
      "ora_fine": "18:00:00",
      "prenotazioni_attuali": 0,
      "max_prenotazioni": 2,
      "disponibile": true
    }
  },
  {
    "model": "prenotazioni.slotprenotazione",
    "pk": 75,
    "fields": {
      "data": "2025-08-04",
      "ora_inizio": "18:00:00",
      "ora_fine": "19:00:00",
      "prenotazioni_attuali": 0,
      "max_prenotazioni": 2,
      "disponibile": true
    }
  },
  {
    "model": "prenotazioni.slotprenotazione",
    "pk": 76,
    "fields": {
      "data": "2025-08-05",
      "ora_inizio": "08:00:00",
      "ora_fine": "09:00:00",
      "prenotazioni_attuali": 0,
      "max_prenotazioni": 2,
      "disponibile": true
    }
  },
  {
    "model": "prenotazioni.slotprenotazione",
    "pk": 77,
    "fields": {
      "data": "2025-08-05",
      "ora_inizio": "09:00:00",
      "ora_fine": "10:00:00",
      "prenotazioni_attuali": 0,
      "max_prenotazioni": 2,
      "disponibile": true
    }
  },
  {
    "model": "prenotazioni.slotprenotazione",
    "pk": 78,
    "fields": {
      "data": "2025-08-05",
      "ora_inizio": "10:00:00",
      "ora_fine": "11:00:00",
      "prenotazioni_attuali": 0,
      "max_prenotazioni": 2,
      "disponibile": true
    }
  },
  {
    "model": "prenotazioni.slotprenotazione",
    "pk": 79,
    "fields": {
      "data": "2025-08-05",
      "ora_inizio": "11:00:00",
      "ora_fine": "12:00:00",
      "prenotazioni_attuali": 0,
      "max_prenotazioni": 2,
      "disponibile": true
    }
  },
  {
    "model": "prenotazioni.slotprenotazione",
    "pk": 80,
    "fields": {
      "data": "2025-08-05",
      "ora_inizio": "12:00:00",
      "ora_fine": "13:00:00",
      "prenotazioni_attuali": 0,
      "max_prenotazioni": 2,
      "disponibile": true
    }
  },
  {
    "model": "prenotazioni.slotprenotazione",
    "pk": 81,
    "fields": {
      "data": "2025-08-05",
      "ora_inizio": "15:00:00",
      "ora_fine": "16:00:00",
      "prenotazioni_attuali": 0,
      "max_prenotazioni": 2,
      "disponibile": true
    }
  },
  {
    "model": "prenotazioni.slotprenotazione",
    "pk": 82,
    "fields": {
      "data": "2025-08-05",
      "ora_inizio": "16:00:00",
      "ora_fine": "17:00:00",
      "prenotazioni_attuali": 0,
      "max_prenotazioni": 2,
      "disponibile": true
    }
  },
  {
    "model": "prenotazioni.slotprenotazione",
    "pk": 83,
    "fields": {
      "data": "2025-08-05",
      "ora_inizio": "17:00:00",
      "ora_fine": "18:00:00",
      "prenotazioni_attuali": 0,
      "max_prenotazioni": 2,
      "disponibile": true
    }
  },
  {
    "model": "prenotazioni.slotprenotazione",
    "pk": 84,
    "fields": {
      "data": "2025-08-05",
      "ora_inizio": "18:00:00",
      "ora_fine": "19:00:00",
      "prenotazioni_attuali": 0,
      "max_prenotazioni": 2,
      "disponibile": true
    }
  },
  {
    "model": "prenotazioni.slotprenotazione",
    "pk": 85,
    "fields": {
      "data": "2025-08-06",
      "ora_inizio": "08:00:00",
      "ora_fine": "09:00:00",
      "prenotazioni_attuali": 0,
      "max_prenotazioni": 2,
      "disponibile": true
    }
  },
  {
    "model": "prenotazioni.slotprenotazione",
    "pk": 86,
    "fields": {
      "data": "2025-08-06",
      "ora_inizio": "09:00:00",
      "ora_fine": "10:00:00",
      "prenotazioni_attuali": 0,
      "max_prenotazioni": 2,
      "disponibile": true
    }
  },
  {
    "model": "prenotazioni.slotprenotazione",
    "pk": 87,
    "fields": {
      "data": "2025-08-06",
      "ora_inizio": "10:00:00",
      "ora_fine": "11:00:00",
      "prenotazioni_attuali": 0,
      "max_prenotazioni": 2,
      "disponibile": true
    }
  },
  {
    "model": "prenotazioni.slotprenotazione",
    "pk": 88,
    "fields": {
      "data": "2025-08-06",
      "ora_inizio": "11:00:00",
      "ora_fine": "12:00:00",
      "prenotazioni_attuali": 0,
      "max_prenotazioni": 2,
      "disponibile": true
    }
  },
  {
    "model": "prenotazioni.slotprenotazione",
    "pk": 89,
    "fields": {
      "data": "2025-08-06",
      "ora_inizio": "12:00:00",
      "ora_fine": "13:00:00",
      "prenotazioni_attuali": 0,
      "max_prenotazioni": 2,
      "disponibile": true
    }
  },
  {
    "model": "prenotazioni.slotprenotazione",
    "pk": 90,
    "fields": {
      "data": "2025-08-06",
      "ora_inizio": "15:00:00",
      "ora_fine": "16:00:00",
      "prenotazioni_attuali": 0,
      "max_prenotazioni": 2,
      "disponibile": true
    }
  },
  {
    "model": "prenotazioni.slotprenotazione",
    "pk": 91,
    "fields": {
      "data": "2025-08-06",
      "ora_inizio": "16:00:00",
      "ora_fine": "17:00:00",
      "prenotazioni_attuali": 0,
      "max_prenotazioni": 2,
      "disponibile": true
    }
  },
  {
    "model": "prenotazioni.slotprenotazione",
    "pk": 92,
    "fields": {
      "data": "2025-08-06",
      "ora_inizio": "17:00:00",
      "ora_fine": "18:00:00",
      "prenotazioni_attuali": 0,
      "max_prenotazioni": 2,
      "disponibile": true
    }
  },
  {
    "model": "prenotazioni.slotprenotazione",
    "pk": 93,
    "fields": {
      "data": "2025-08-06",
      "ora_inizio": "18:00:00",
      "ora_fine": "19:00:00",
      "prenotazioni_attuali": 0,
      "max_prenotazioni": 2,
      "disponibile": true
    }
  },
  {
    "model": "prenotazioni.slotprenotazione",
    "pk": 202,
    "fields": {
      "data": "2025-08-07",
      "ora_inizio": "08:00:00",
      "ora_fine": "09:00:00",
      "prenotazioni_attuali": 0,
      "max_prenotazioni": 2,
      "disponibile": true
    }
  },
  {
    "model": "prenotazioni.slotprenotazione",
    "pk": 203,
    "fields": {
      "data": "2025-08-07",
      "ora_inizio": "09:00:00",
      "ora_fine": "10:00:00",
      "prenotazioni_attuali": 0,
      "max_prenotazioni": 2,
      "disponibile": true
    }
  },
  {
    "model": "prenotazioni.slotprenotazione",
    "pk": 204,
    "fields": {
      "data": "2025-08-07",
      "ora_inizio": "10:00:00",
      "ora_fine": "11:00:00",
      "prenotazioni_attuali": 0,
      "max_prenotazioni": 2,
      "disponibile": true
    }
  },
  {
    "model": "prenotazioni.slotprenotazione",
    "pk": 205,
    "fields": {
      "data": "2025-08-07",
      "ora_inizio": "11:00:00",
      "ora_fine": "12:00:00",
      "prenotazioni_attuali": 0,
      "max_prenotazioni": 2,
      "disponibile": true
    }
  },
  {
    "model": "prenotazioni.slotprenotazione",
    "pk": 206,
    "fields": {
      "data": "2025-08-07",
      "ora_inizio": "12:00:00",
      "ora_fine": "13:00:00",
      "prenotazioni_attuali": 0,
      "max_prenotazioni": 2,
      "disponibile": true
    }
  },
  {
    "model": "prenotazioni.slotprenotazione",
    "pk": 207,
    "fields": {
      "data": "2025-08-07",
      "ora_inizio": "15:00:00",
      "ora_fine": "16:00:00",
      "prenotazioni_attuali": 0,
      "max_prenotazioni": 2,
      "disponibile": true
    }
  },
  {
    "model": "prenotazioni.slotprenotazione",
    "pk": 208,
    "fields": {
      "data": "2025-08-07",
      "ora_inizio": "16:00:00",
      "ora_fine": "17:00:00",
      "prenotazioni_attuali": 0,
      "max_prenotazioni": 2,
      "disponibile": true
    }
  },
  {
    "model": "prenotazioni.slotprenotazione",
    "pk": 209,
    "fields": {
      "data": "2025-08-07",
      "ora_inizio": "17:00:00",
      "ora_fine": "18:00:00",
      "prenotazioni_attuali": 0,
      "max_prenotazioni": 2,
      "disponibile": true
    }
  },
  {
    "model": "prenotazioni.slotprenotazione",
    "pk": 210,
    "fields": {
      "data": "2025-08-07",
      "ora_inizio": "18:00:00",
      "ora_fine": "19:00:00",
      "prenotazioni_attuali": 0,
      "max_prenotazioni": 2,
      "disponibile": true
    }
  },
  {
    "model": "prenotazioni.slotprenotazione",
    "pk": 211,
    "fields": {
      "data": "2025-08-08",
      "ora_inizio": "08:00:00",
      "ora_fine": "09:00:00",
      "prenotazioni_attuali": 0,
      "max_prenotazioni": 2,
      "disponibile": true
    }
  },
  {
    "model": "prenotazioni.slotprenotazione",
    "pk": 212,
    "fields": {
      "data": "2025-08-08",
      "ora_inizio": "09:00:00",
      "ora_fine": "10:00:00",
      "prenotazioni_attuali": 0,
      "max_prenotazioni": 2,
      "disponibile": true
    }
  },
  {
    "model": "prenotazioni.slotprenotazione",
    "pk": 213,
    "fields": {
      "data": "2025-08-08",
      "ora_inizio": "10:00:00",
      "ora_fine": "11:00:00",
      "prenotazioni_attuali": 0,
      "max_prenotazioni": 2,
      "disponibile": true
    }
  },
  {
    "model": "prenotazioni.slotprenotazione",
    "pk": 214,
    "fields": {
      "data": "2025-08-08",
      "ora_inizio": "11:00:00",
      "ora_fine": "12:00:00",
      "prenotazioni_attuali": 0,
      "max_prenotazioni": 2,
      "disponibile": true
    }
  },
  {
    "model": "prenotazioni.slotprenotazione",
    "pk": 215,
    "fields": {
      "data": "2025-08-08",
      "ora_inizio": "12:00:00",
      "ora_fine": "13:00:00",
      "prenotazioni_attuali": 0,
      "max_prenotazioni": 2,
      "disponibile": true
    }
  },
  {
    "model": "prenotazioni.slotprenotazione",
    "pk": 216,
    "fields": {
      "data": "2025-08-08",
      "ora_inizio": "15:00:00",
      "ora_fine": "16:00:00",
      "prenotazioni_attuali": 0,
      "max_prenotazioni": 2,
      "disponibile": true
    }
  },
  {
    "model": "prenotazioni.slotprenotazione",
    "pk": 217,
    "fields": {
      "data": "2025-08-08",
      "ora_inizio": "16:00:00",
      "ora_fine": "17:00:00",
      "prenotazioni_attuali": 0,
      "max_prenotazioni": 2,
      "disponibile": true
    }
  },
  {
    "model": "prenotazioni.slotprenotazione",
    "pk": 218,
    "fields": {
      "data": "2025-08-08",
      "ora_inizio": "17:00:00",
      "ora_fine": "18:00:00",
      "prenotazioni_attuali": 0,
      "max_prenotazioni": 2,
      "disponibile": true
    }
  },
  {
    "model": "prenotazioni.slotprenotazione",
    "pk": 219,
    "fields": {
      "data": "2025-08-08",
      "ora_inizio": "18:00:00",
      "ora_fine": "19:00:00",
      "prenotazioni_attuali": 0,
      "max_prenotazioni": 2,
      "disponibile": true
    }
  },
  {
    "model": "prenotazioni.slotprenotazione",
    "pk": 220,
    "fields": {
      "data": "2025-08-09",
      "ora_inizio": "08:00:00",
      "ora_fine": "09:00:00",
      "prenotazioni_attuali": 0,
      "max_prenotazioni": 2,
      "disponibile": true
    }
  },
  {
    "model": "prenotazioni.slotprenotazione",
    "pk": 221,
    "fields": {
      "data": "2025-08-09",
      "ora_inizio": "09:00:00",
      "ora_fine": "10:00:00",
      "prenotazioni_attuali": 0,
      "max_prenotazioni": 2,
      "disponibile": true
    }
  },
  {
    "model": "prenotazioni.slotprenotazione",
    "pk": 222,
    "fields": {
      "data": "2025-08-09",
      "ora_inizio": "10:00:00",
      "ora_fine": "11:00:00",
      "prenotazioni_attuali": 0,
      "max_prenotazioni": 2,
      "disponibile": true
    }
  },
  {
    "model": "prenotazioni.slotprenotazione",
    "pk": 223,
    "fields": {
      "data": "2025-08-09",
      "ora_inizio": "11:00:00",
      "ora_fine": "12:00:00",
      "prenotazioni_attuali": 0,
      "max_prenotazioni": 2,
      "disponibile": true
    }
  },
  {
    "model": "prenotazioni.slotprenotazione",
    "pk": 224,
    "fields": {
      "data": "2025-08-09",
      "ora_inizio": "12:00:00",
      "ora_fine": "13:00:00",
      "prenotazioni_attuali": 0,
      "max_prenotazioni": 2,
      "disponibile": true
    }
  },
  {
    "model": "prenotazioni.slotprenotazione",
    "pk": 225,
    "fields": {
      "data": "2025-08-09",
      "ora_inizio": "15:00:00",
      "ora_fine": "16:00:00",
      "prenotazioni_attuali": 0,
      "max_prenotazioni": 2,
      "disponibile": true
    }
  },
  {
    "model": "prenotazioni.slotprenotazione",
    "pk": 226,
    "fields": {
      "data": "2025-08-09",
      "ora_inizio": "16:00:00",
      "ora_fine": "17:00:00",
      "prenotazioni_attuali": 0,
      "max_prenotazioni": 2,
      "disponibile": true
    }
  },
  {
    "model": "prenotazioni.slotprenotazione",
    "pk": 227,
    "fields": {
      "data": "2025-08-09",
      "ora_inizio": "17:00:00",
      "ora_fine": "18:00:00",
      "prenotazioni_attuali": 0,
      "max_prenotazioni": 2,
      "disponibile": true
    }
  },
  {
    "model": "prenotazioni.slotprenotazione",
    "pk": 228,
    "fields": {
      "data": "2025-08-09",
      "ora_inizio": "18:00:00",
      "ora_fine": "19:00:00",
      "prenotazioni_attuali": 0,
      "max_prenotazioni": 2,
      "disponibile": true
    }
  },
  {
    "model": "prenotazioni.slotprenotazione",
    "pk": 229,
    "fields": {
      "data": "2025-08-11",
      "ora_inizio": "08:00:00",
      "ora_fine": "09:00:00",
      "prenotazioni_attuali": 0,
      "max_prenotazioni": 2,
      "disponibile": true
    }
  },
  {
    "model": "prenotazioni.slotprenotazione",
    "pk": 230,
    "fields": {
      "data": "2025-08-11",
      "ora_inizio": "09:00:00",
      "ora_fine": "10:00:00",
      "prenotazioni_attuali": 0,
      "max_prenotazioni": 2,
      "disponibile": true
    }
  },
  {
    "model": "prenotazioni.slotprenotazione",
    "pk": 231,
    "fields": {
      "data": "2025-08-11",
      "ora_inizio": "10:00:00",
      "ora_fine": "11:00:00",
      "prenotazioni_attuali": 0,
      "max_prenotazioni": 2,
      "disponibile": true
    }
  },
  {
    "model": "prenotazioni.slotprenotazione",
    "pk": 232,
    "fields": {
      "data": "2025-08-11",
      "ora_inizio": "11:00:00",
      "ora_fine": "12:00:00",
      "prenotazioni_attuali": 0,
      "max_prenotazioni": 2,
      "disponibile": true
    }
  },
  {
    "model": "prenotazioni.slotprenotazione",
    "pk": 233,
    "fields": {
      "data": "2025-08-11",
      "ora_inizio": "12:00:00",
      "ora_fine": "13:00:00",
      "prenotazioni_attuali": 0,
      "max_prenotazioni": 2,
      "disponibile": true
    }
  },
  {
    "model": "prenotazioni.slotprenotazione",
    "pk": 234,
    "fields": {
      "data": "2025-08-11",
      "ora_inizio": "15:00:00",
      "ora_fine": "16:00:00",
      "prenotazioni_attuali": 0,
      "max_prenotazioni": 2,
      "disponibile": true
    }
  },
  {
    "model": "prenotazioni.slotprenotazione",
    "pk": 235,
    "fields": {
      "data": "2025-08-11",
      "ora_inizio": "16:00:00",
      "ora_fine": "17:00:00",
      "prenotazioni_attuali": 0,
      "max_prenotazioni": 2,
      "disponibile": true
    }
  },
  {
    "model": "prenotazioni.slotprenotazione",
    "pk": 236,
    "fields": {
      "data": "2025-08-11",
      "ora_inizio": "17:00:00",
      "ora_fine": "18:00:00",
      "prenotazioni_attuali": 0,
      "max_prenotazioni": 2,
      "disponibile": true
    }
  },
  {
    "model": "prenotazioni.slotprenotazione",
    "pk": 237,
    "fields": {
      "data": "2025-08-11",
      "ora_inizio": "18:00:00",
      "ora_fine": "19:00:00",
      "prenotazioni_attuali": 0,
      "max_prenotazioni": 2,
      "disponibile": true
    }
  },
  {
    "model": "prenotazioni.slotprenotazione",
    "pk": 238,
    "fields": {
      "data": "2025-08-12",
      "ora_inizio": "08:00:00",
      "ora_fine": "09:00:00",
      "prenotazioni_attuali": 0,
      "max_prenotazioni": 2,
      "disponibile": true
    }
  },
  {
    "model": "prenotazioni.slotprenotazione",
    "pk": 239,
    "fields": {
      "data": "2025-08-12",
      "ora_inizio": "09:00:00",
      "ora_fine": "10:00:00",
      "prenotazioni_attuali": 0,
      "max_prenotazioni": 2,
      "disponibile": true
    }
  },
  {
    "model": "prenotazioni.slotprenotazione",
    "pk": 240,
    "fields": {
      "data": "2025-08-12",
      "ora_inizio": "10:00:00",
      "ora_fine": "11:00:00",
      "prenotazioni_attuali": 0,
      "max_prenotazioni": 2,
      "disponibile": true
    }
  },
  {
    "model": "prenotazioni.slotprenotazione",
    "pk": 241,
    "fields": {
      "data": "2025-08-12",
      "ora_inizio": "11:00:00",
      "ora_fine": "12:00:00",
      "prenotazioni_attuali": 0,
      "max_prenotazioni": 2,
      "disponibile": true
    }
  },
  {
    "model": "prenotazioni.slotprenotazione",
    "pk": 242,
    "fields": {
      "data": "2025-08-12",
      "ora_inizio": "12:00:00",
      "ora_fine": "13:00:00",
      "prenotazioni_attuali": 0,
      "max_prenotazioni": 2,
      "disponibile": true
    }
  },
  {
    "model": "prenotazioni.slotprenotazione",
    "pk": 243,
    "fields": {
      "data": "2025-08-12",
      "ora_inizio": "15:00:00",
      "ora_fine": "16:00:00",
      "prenotazioni_attuali": 0,
      "max_prenotazioni": 2,
      "disponibile": true
    }
  },
  {
    "model": "prenotazioni.slotprenotazione",
    "pk": 244,
    "fields": {
      "data": "2025-08-12",
      "ora_inizio": "16:00:00",
      "ora_fine": "17:00:00",
      "prenotazioni_attuali": 0,
      "max_prenotazioni": 2,
      "disponibile": true
    }
  },
  {
    "model": "prenotazioni.slotprenotazione",
    "pk": 245,
    "fields": {
      "data": "2025-08-12",
      "ora_inizio": "17:00:00",
      "ora_fine": "18:00:00",
      "prenotazioni_attuali": 0,
      "max_prenotazioni": 2,
      "disponibile": true
    }
  },
  {
    "model": "prenotazioni.slotprenotazione",
    "pk": 246,
    "fields": {
      "data": "2025-08-12",
      "ora_inizio": "18:00:00",
      "ora_fine": "19:00:00",
      "prenotazioni_attuali": 0,
      "max_prenotazioni": 2,
      "disponibile": true
    }
  },
  {
    "model": "prenotazioni.slotprenotazione",
    "pk": 247,
    "fields": {
      "data": "2025-08-13",
      "ora_inizio": "08:00:00",
      "ora_fine": "09:00:00",
      "prenotazioni_attuali": 0,
      "max_prenotazioni": 2,
      "disponibile": true
    }
  },
  {
    "model": "prenotazioni.slotprenotazione",
    "pk": 248,
    "fields": {
      "data": "2025-08-13",
      "ora_inizio": "09:00:00",
      "ora_fine": "10:00:00",
      "prenotazioni_attuali": 0,
      "max_prenotazioni": 2,
      "disponibile": true
    }
  },
  {
    "model": "prenotazioni.slotprenotazione",
    "pk": 249,
    "fields": {
      "data": "2025-08-13",
      "ora_inizio": "10:00:00",
      "ora_fine": "11:00:00",
      "prenotazioni_attuali": 0,
      "max_prenotazioni": 2,
      "disponibile": true
    }
  },
  {
    "model": "prenotazioni.slotprenotazione",
    "pk": 250,
    "fields": {
      "data": "2025-08-13",
      "ora_inizio": "11:00:00",
      "ora_fine": "12:00:00",
      "prenotazioni_attuali": 0,
      "max_prenotazioni": 2,
      "disponibile": true
    }
  },
  {
    "model": "prenotazioni.slotprenotazione",
    "pk": 251,
    "fields": {
      "data": "2025-08-13",
      "ora_inizio": "12:00:00",
      "ora_fine": "13:00:00",
      "prenotazioni_attuali": 0,
      "max_prenotazioni": 2,
      "disponibile": true
    }
  },
  {
    "model": "prenotazioni.slotprenotazione",
    "pk": 252,
    "fields": {
      "data": "2025-08-13",
      "ora_inizio": "15:00:00",
      "ora_fine": "16:00:00",
      "prenotazioni_attuali": 0,
      "max_prenotazioni": 2,
      "disponibile": true
    }
  },
  {
    "model": "prenotazioni.slotprenotazione",
    "pk": 253,
    "fields": {
      "data": "2025-08-13",
      "ora_inizio": "16:00:00",
      "ora_fine": "17:00:00",
      "prenotazioni_attuali": 0,
      "max_prenotazioni": 2,
      "disponibile": true
    }
  },
  {
    "model": "prenotazioni.slotprenotazione",
    "pk": 254,
    "fields": {
      "data": "2025-08-13",
      "ora_inizio": "17:00:00",
      "ora_fine": "18:00:00",
      "prenotazioni_attuali": 0,
      "max_prenotazioni": 2,
      "disponibile": true
    }
  },
  {
    "model": "prenotazioni.slotprenotazione",
    "pk": 255,
    "fields": {
      "data": "2025-08-13",
      "ora_inizio": "18:00:00",
      "ora_fine": "19:00:00",
      "prenotazioni_attuali": 0,
      "max_prenotazioni": 2,
      "disponibile": true
    }
  },
  {
    "model": "prenotazioni.slotprenotazione",
    "pk": 256,
    "fields": {
      "data": "2025-08-14",
      "ora_inizio": "08:00:00",
      "ora_fine": "09:00:00",
      "prenotazioni_attuali": 0,
      "max_prenotazioni": 2,
      "disponibile": true
    }
  },
  {
    "model": "prenotazioni.slotprenotazione",
    "pk": 257,
    "fields": {
      "data": "2025-08-14",
      "ora_inizio": "09:00:00",
      "ora_fine": "10:00:00",
      "prenotazioni_attuali": 0,
      "max_prenotazioni": 2,
      "disponibile": true
    }
  },
  {
    "model": "prenotazioni.slotprenotazione",
    "pk": 258,
    "fields": {
      "data": "2025-08-14",
      "ora_inizio": "10:00:00",
      "ora_fine": "11:00:00",
      "prenotazioni_attuali": 0,
      "max_prenotazioni": 2,
      "disponibile": true
    }
  },
  {
    "model": "prenotazioni.slotprenotazione",
    "pk": 259,
    "fields": {
      "data": "2025-08-14",
      "ora_inizio": "11:00:00",
      "ora_fine": "12:00:00",
      "prenotazioni_attuali": 0,
      "max_prenotazioni": 2,
      "disponibile": true
    }
  },
  {
    "model": "prenotazioni.slotprenotazione",
    "pk": 260,
    "fields": {
      "data": "2025-08-14",
      "ora_inizio": "12:00:00",
      "ora_fine": "13:00:00",
      "prenotazioni_attuali": 0,
      "max_prenotazioni": 2,
      "disponibile": true
    }
  },
  {
    "model": "prenotazioni.slotprenotazione",
    "pk": 261,
    "fields": {
      "data": "2025-08-14",
      "ora_inizio": "15:00:00",
      "ora_fine": "16:00:00",
      "prenotazioni_attuali": 0,
      "max_prenotazioni": 2,
      "disponibile": true
    }
  },
  {
    "model": "prenotazioni.slotprenotazione",
    "pk": 262,
    "fields": {
      "data": "2025-08-14",
      "ora_inizio": "16:00:00",
      "ora_fine": "17:00:00",
      "prenotazioni_attuali": 0,
      "max_prenotazioni": 2,
      "disponibile": true
    }
  },
  {
    "model": "prenotazioni.slotprenotazione",
    "pk": 263,
    "fields": {
      "data": "2025-08-14",
      "ora_inizio": "17:00:00",
      "ora_fine": "18:00:00",
      "prenotazioni_attuali": 0,
      "max_prenotazioni": 2,
      "disponibile": true
    }
  },
  {
    "model": "prenotazioni.slotprenotazione",
    "pk": 264,
    "fields": {
      "data": "2025-08-14",
      "ora_inizio": "18:00:00",
      "ora_fine": "19:00:00",
      "prenotazioni_attuali": 0,
      "max_prenotazioni": 2,
      "disponibile": true
    }
  },
  {
    "model": "prenotazioni.slotprenotazione",
    "pk": 265,
    "fields": {
      "data": "2025-08-15",
      "ora_inizio": "08:00:00",
      "ora_fine": "09:00:00",
      "prenotazioni_attuali": 0,
      "max_prenotazioni": 2,
      "disponibile": true
    }
  },
  {
    "model": "prenotazioni.slotprenotazione",
    "pk": 266,
    "fields": {
      "data": "2025-08-15",
      "ora_inizio": "09:00:00",
      "ora_fine": "10:00:00",
      "prenotazioni_attuali": 0,
      "max_prenotazioni": 2,
      "disponibile": true
    }
  },
  {
    "model": "prenotazioni.slotprenotazione",
    "pk": 267,
    "fields": {
      "data": "2025-08-15",
      "ora_inizio": "10:00:00",
      "ora_fine": "11:00:00",
      "prenotazioni_attuali": 0,
      "max_prenotazioni": 2,
      "disponibile": true
    }
  },
  {
    "model": "prenotazioni.slotprenotazione",
    "pk": 268,
    "fields": {
      "data": "2025-08-15",
      "ora_inizio": "11:00:00",
      "ora_fine": "12:00:00",
      "prenotazioni_attuali": 0,
      "max_prenotazioni": 2,
      "disponibile": true
    }
  },
  {
    "model": "prenotazioni.slotprenotazione",
    "pk": 269,
    "fields": {
      "data": "2025-08-15",
      "ora_inizio": "12:00:00",
      "ora_fine": "13:00:00",
      "prenotazioni_attuali": 0,
      "max_prenotazioni": 2,
      "disponibile": true
    }
  },
  {
    "model": "prenotazioni.slotprenotazione",
    "pk": 270,
    "fields": {
      "data": "2025-08-15",
      "ora_inizio": "15:00:00",
      "ora_fine": "16:00:00",
      "prenotazioni_attuali": 0,
      "max_prenotazioni": 2,
      "disponibile": true
    }
  },
  {
    "model": "prenotazioni.slotprenotazione",
    "pk": 271,
    "fields": {
      "data": "2025-08-15",
      "ora_inizio": "16:00:00",
      "ora_fine": "17:00:00",
      "prenotazioni_attuali": 0,
      "max_prenotazioni": 2,
      "disponibile": true
    }
  },
  {
    "model": "prenotazioni.slotprenotazione",
    "pk": 272,
    "fields": {
      "data": "2025-08-15",
      "ora_inizio": "17:00:00",
      "ora_fine": "18:00:00",
      "prenotazioni_attuali": 0,
      "max_prenotazioni": 2,
      "disponibile": true
    }
  },
  {
    "model": "prenotazioni.slotprenotazione",
    "pk": 273,
    "fields": {
      "data": "2025-08-15",
      "ora_inizio": "18:00:00",
      "ora_fine": "19:00:00",
      "prenotazioni_attuali": 0,
      "max_prenotazioni": 2,
      "disponibile": true
    }
  },
  {
    "model": "prenotazioni.slotprenotazione",
    "pk": 274,
    "fields": {
      "data": "2025-08-16",
      "ora_inizio": "08:00:00",
      "ora_fine": "09:00:00",
      "prenotazioni_attuali": 0,
      "max_prenotazioni": 2,
      "disponibile": true
    }
  },
  {
    "model": "prenotazioni.slotprenotazione",
    "pk": 275,
    "fields": {
      "data": "2025-08-16",
      "ora_inizio": "09:00:00",
      "ora_fine": "10:00:00",
      "prenotazioni_attuali": 0,
      "max_prenotazioni": 2,
      "disponibile": true
    }
  },
  {
    "model": "prenotazioni.slotprenotazione",
    "pk": 276,
    "fields": {
      "data": "2025-08-16",
      "ora_inizio": "10:00:00",
      "ora_fine": "11:00:00",
      "prenotazioni_attuali": 0,
      "max_prenotazioni": 2,
      "disponibile": true
    }
  },
  {
    "model": "prenotazioni.slotprenotazione",
    "pk": 277,
    "fields": {
      "data": "2025-08-16",
      "ora_inizio": "11:00:00",
      "ora_fine": "12:00:00",
      "prenotazioni_attuali": 0,
      "max_prenotazioni": 2,
      "disponibile": true
    }
  },
  {
    "model": "prenotazioni.slotprenotazione",
    "pk": 278,
    "fields": {
      "data": "2025-08-16",
      "ora_inizio": "12:00:00",
      "ora_fine": "13:00:00",
      "prenotazioni_attuali": 0,
      "max_prenotazioni": 2,
      "disponibile": true
    }
  },
  {
    "model": "prenotazioni.slotprenotazione",
    "pk": 279,
    "fields": {
      "data": "2025-08-16",
      "ora_inizio": "15:00:00",
      "ora_fine": "16:00:00",
      "prenotazioni_attuali": 0,
      "max_prenotazioni": 2,
      "disponibile": true
    }
  },
  {
    "model": "prenotazioni.slotprenotazione",
    "pk": 280,
    "fields": {
      "data": "2025-08-16",
      "ora_inizio": "16:00:00",
      "ora_fine": "17:00:00",
      "prenotazioni_attuali": 0,
      "max_prenotazioni": 2,
      "disponibile": true
    }
  },
  {
    "model": "prenotazioni.slotprenotazione",
    "pk": 281,
    "fields": {
      "data": "2025-08-16",
      "ora_inizio": "17:00:00",
      "ora_fine": "18:00:00",
      "prenotazioni_attuali": 0,
      "max_prenotazioni": 2,
      "disponibile": true
    }
  },
  {
    "model": "prenotazioni.slotprenotazione",
    "pk": 282,
    "fields": {
      "data": "2025-08-16",
      "ora_inizio": "18:00:00",
      "ora_fine": "19:00:00",
      "prenotazioni_attuali": 0,
      "max_prenotazioni": 2,
      "disponibile": true
    }
  },
  {
    "model": "prenotazioni.slotprenotazione",
    "pk": 283,
    "fields": {
      "data": "2025-08-18",
      "ora_inizio": "08:00:00",
      "ora_fine": "09:00:00",
      "prenotazioni_attuali": 0,
      "max_prenotazioni": 2,
      "disponibile": true
    }
  },
  {
    "model": "prenotazioni.slotprenotazione",
    "pk": 284,
    "fields": {
      "data": "2025-08-18",
      "ora_inizio": "09:00:00",
      "ora_fine": "10:00:00",
      "prenotazioni_attuali": 0,
      "max_prenotazioni": 2,
      "disponibile": true
    }
  },
  {
    "model": "prenotazioni.slotprenotazione",
    "pk": 285,
    "fields": {
      "data": "2025-08-18",
      "ora_inizio": "10:00:00",
      "ora_fine": "11:00:00",
      "prenotazioni_attuali": 0,
      "max_prenotazioni": 2,
      "disponibile": true
    }
  },
  {
    "model": "prenotazioni.slotprenotazione",
    "pk": 286,
    "fields": {
      "data": "2025-08-18",
      "ora_inizio": "11:00:00",
      "ora_fine": "12:00:00",
      "prenotazioni_attuali": 0,
      "max_prenotazioni": 2,
      "disponibile": true
    }
  },
  {
    "model": "prenotazioni.slotprenotazione",
    "pk": 287,
    "fields": {
      "data": "2025-08-18",
      "ora_inizio": "12:00:00",
      "ora_fine": "13:00:00",
      "prenotazioni_attuali": 0,
      "max_prenotazioni": 2,
      "disponibile": true
    }
  },
  {
    "model": "prenotazioni.slotprenotazione",
    "pk": 288,
    "fields": {
      "data": "2025-08-18",
      "ora_inizio": "15:00:00",
      "ora_fine": "16:00:00",
      "prenotazioni_attuali": 0,
      "max_prenotazioni": 2,
      "disponibile": true
    }
  },
  {
    "model": "prenotazioni.slotprenotazione",
    "pk": 289,
    "fields": {
      "data": "2025-08-18",
      "ora_inizio": "16:00:00",
      "ora_fine": "17:00:00",
      "prenotazioni_attuali": 0,
      "max_prenotazioni": 2,
      "disponibile": true
    }
  },
  {
    "model": "prenotazioni.slotprenotazione",
    "pk": 290,
    "fields": {
      "data": "2025-08-18",
      "ora_inizio": "17:00:00",
      "ora_fine": "18:00:00",
      "prenotazioni_attuali": 0,
      "max_prenotazioni": 2,
      "disponibile": true
    }
  },
  {
    "model": "prenotazioni.slotprenotazione",
    "pk": 291,
    "fields": {
      "data": "2025-08-18",
      "ora_inizio": "18:00:00",
      "ora_fine": "19:00:00",
      "prenotazioni_attuali": 0,
      "max_prenotazioni": 2,
      "disponibile": true
    }
  },
  {
    "model": "prenotazioni.slotprenotazione",
    "pk": 292,
    "fields": {
      "data": "2025-08-19",
      "ora_inizio": "08:00:00",
      "ora_fine": "09:00:00",
      "prenotazioni_attuali": 0,
      "max_prenotazioni": 2,
      "disponibile": true
    }
  },
  {
    "model": "prenotazioni.slotprenotazione",
    "pk": 293,
    "fields": {
      "data": "2025-08-19",
      "ora_inizio": "09:00:00",
      "ora_fine": "10:00:00",
      "prenotazioni_attuali": 0,
      "max_prenotazioni": 2,
      "disponibile": true
    }
  },
  {
    "model": "prenotazioni.slotprenotazione",
    "pk": 294,
    "fields": {
      "data": "2025-08-19",
      "ora_inizio": "10:00:00",
      "ora_fine": "11:00:00",
      "prenotazioni_attuali": 0,
      "max_prenotazioni": 2,
      "disponibile": true
    }
  },
  {
    "model": "prenotazioni.slotprenotazione",
    "pk": 295,
    "fields": {
      "data": "2025-08-19",
      "ora_inizio": "11:00:00",
      "ora_fine": "12:00:00",
      "prenotazioni_attuali": 0,
      "max_prenotazioni": 2,
      "disponibile": true
    }
  },
  {
    "model": "prenotazioni.slotprenotazione",
    "pk": 296,
    "fields": {
      "data": "2025-08-19",
      "ora_inizio": "12:00:00",
      "ora_fine": "13:00:00",
      "prenotazioni_attuali": 0,
      "max_prenotazioni": 2,
      "disponibile": true
    }
  },
  {
    "model": "prenotazioni.slotprenotazione",
    "pk": 297,
    "fields": {
      "data": "2025-08-19",
      "ora_inizio": "15:00:00",
      "ora_fine": "16:00:00",
      "prenotazioni_attuali": 0,
      "max_prenotazioni": 2,
      "disponibile": true
    }
  },
  {
    "model": "prenotazioni.slotprenotazione",
    "pk": 298,
    "fields": {
      "data": "2025-08-19",
      "ora_inizio": "16:00:00",
      "ora_fine": "17:00:00",
      "prenotazioni_attuali": 0,
      "max_prenotazioni": 2,
      "disponibile": true
    }
  },
  {
    "model": "prenotazioni.slotprenotazione",
    "pk": 299,
    "fields": {
      "data": "2025-08-19",
      "ora_inizio": "17:00:00",
      "ora_fine": "18:00:00",
      "prenotazioni_attuali": 0,
      "max_prenotazioni": 2,
      "disponibile": true
    }
  },
  {
    "model": "prenotazioni.slotprenotazione",
    "pk": 300,
    "fields": {
      "data": "2025-08-19",
      "ora_inizio": "18:00:00",
      "ora_fine": "19:00:00",
      "prenotazioni_attuali": 0,
      "max_prenotazioni": 2,
      "disponibile": true
    }
  },
  {
    "model": "prenotazioni.slotprenotazione",
    "pk": 301,
    "fields": {
      "data": "2025-08-20",
      "ora_inizio": "08:00:00",
      "ora_fine": "09:00:00",
      "prenotazioni_attuali": 0,
      "max_prenotazioni": 2,
      "disponibile": true
    }
  },
  {
    "model": "prenotazioni.slotprenotazione",
    "pk": 302,
    "fields": {
      "data": "2025-08-20",
      "ora_inizio": "09:00:00",
      "ora_fine": "10:00:00",
      "prenotazioni_attuali": 0,
      "max_prenotazioni": 2,
      "disponibile": true
    }
  },
  {
    "model": "prenotazioni.slotprenotazione",
    "pk": 303,
    "fields": {
      "data": "2025-08-20",
      "ora_inizio": "10:00:00",
      "ora_fine": "11:00:00",
      "prenotazioni_attuali": 0,
      "max_prenotazioni": 2,
      "disponibile": true
    }
  },
  {
    "model": "prenotazioni.slotprenotazione",
    "pk": 304,
    "fields": {
      "data": "2025-08-20",
      "ora_inizio": "11:00:00",
      "ora_fine": "12:00:00",
      "prenotazioni_attuali": 0,
      "max_prenotazioni": 2,
      "disponibile": true
    }
  },
  {
    "model": "prenotazioni.slotprenotazione",
    "pk": 305,
    "fields": {
      "data": "2025-08-20",
      "ora_inizio": "12:00:00",
      "ora_fine": "13:00:00",
      "prenotazioni_attuali": 0,
      "max_prenotazioni": 2,
      "disponibile": true
    }
  },
  {
    "model": "prenotazioni.slotprenotazione",
    "pk": 306,
    "fields": {
      "data": "2025-08-20",
      "ora_inizio": "15:00:00",
      "ora_fine": "16:00:00",
      "prenotazioni_attuali": 0,
      "max_prenotazioni": 2,
      "disponibile": true
    }
  },
  {
    "model": "prenotazioni.slotprenotazione",
    "pk": 307,
    "fields": {
      "data": "2025-08-20",
      "ora_inizio": "16:00:00",
      "ora_fine": "17:00:00",
      "prenotazioni_attuali": 0,
      "max_prenotazioni": 2,
      "disponibile": true
    }
  },
  {
    "model": "prenotazioni.slotprenotazione",
    "pk": 308,
    "fields": {
      "data": "2025-08-20",
      "ora_inizio": "17:00:00",
      "ora_fine": "18:00:00",
      "prenotazioni_attuali": 0,
      "max_prenotazioni": 2,
      "disponibile": true
    }
  },
  {
    "model": "prenotazioni.slotprenotazione",
    "pk": 309,
    "fields": {
      "data": "2025-08-20",
      "ora_inizio": "18:00:00",
      "ora_fine": "19:00:00",
      "prenotazioni_attuali": 0,
      "max_prenotazioni": 2,
      "disponibile": true
    }
  },
  {
    "model": "prenotazioni.slotprenotazione",
    "pk": 310,
    "fields": {
      "data": "2025-08-21",
      "ora_inizio": "08:00:00",
      "ora_fine": "09:00:00",
      "prenotazioni_attuali": 0,
      "max_prenotazioni": 2,
      "disponibile": true
    }
  },
  {
    "model": "prenotazioni.slotprenotazione",
    "pk": 311,
    "fields": {
      "data": "2025-08-21",
      "ora_inizio": "09:00:00",
      "ora_fine": "10:00:00",
      "prenotazioni_attuali": 0,
      "max_prenotazioni": 2,
      "disponibile": true
    }
  },
  {
    "model": "prenotazioni.slotprenotazione",
    "pk": 312,
    "fields": {
      "data": "2025-08-21",
      "ora_inizio": "10:00:00",
      "ora_fine": "11:00:00",
      "prenotazioni_attuali": 0,
      "max_prenotazioni": 2,
      "disponibile": true
    }
  },
  {
    "model": "prenotazioni.slotprenotazione",
    "pk": 313,
    "fields": {
      "data": "2025-08-21",
      "ora_inizio": "11:00:00",
      "ora_fine": "12:00:00",
      "prenotazioni_attuali": 0,
      "max_prenotazioni": 2,
      "disponibile": true
    }
  },
  {
    "model": "prenotazioni.slotprenotazione",
    "pk": 314,
    "fields": {
      "data": "2025-08-21",
      "ora_inizio": "12:00:00",
      "ora_fine": "13:00:00",
      "prenotazioni_attuali": 0,
      "max_prenotazioni": 2,
      "disponibile": true
    }
  },
  {
    "model": "prenotazioni.slotprenotazione",
    "pk": 315,
    "fields": {
      "data": "2025-08-21",
      "ora_inizio": "15:00:00",
      "ora_fine": "16:00:00",
      "prenotazioni_attuali": 0,
      "max_prenotazioni": 2,
      "disponibile": true
    }
  },
  {
    "model": "prenotazioni.slotprenotazione",
    "pk": 316,
    "fields": {
      "data": "2025-08-21",
      "ora_inizio": "16:00:00",
      "ora_fine": "17:00:00",
      "prenotazioni_attuali": 0,
      "max_prenotazioni": 2,
      "disponibile": true
    }
  },
  {
    "model": "prenotazioni.slotprenotazione",
    "pk": 317,
    "fields": {
      "data": "2025-08-21",
      "ora_inizio": "17:00:00",
      "ora_fine": "18:00:00",
      "prenotazioni_attuali": 0,
      "max_prenotazioni": 2,
      "disponibile": true
    }
  },
  {
    "model": "prenotazioni.slotprenotazione",
    "pk": 318,
    "fields": {
      "data": "2025-08-21",
      "ora_inizio": "18:00:00",
      "ora_fine": "19:00:00",
      "prenotazioni_attuali": 0,
      "max_prenotazioni": 2,
      "disponibile": true
    }
  },
  {
    "model": "prenotazioni.slotprenotazione",
    "pk": 319,
    "fields": {
      "data": "2025-08-22",
      "ora_inizio": "08:00:00",
      "ora_fine": "09:00:00",
      "prenotazioni_attuali": 0,
      "max_prenotazioni": 2,
      "disponibile": true
    }
  },
  {
    "model": "prenotazioni.slotprenotazione",
    "pk": 320,
    "fields": {
      "data": "2025-08-22",
      "ora_inizio": "09:00:00",
      "ora_fine": "10:00:00",
      "prenotazioni_attuali": 0,
      "max_prenotazioni": 2,
      "disponibile": true
    }
  },
  {
    "model": "prenotazioni.slotprenotazione",
    "pk": 321,
    "fields": {
      "data": "2025-08-22",
      "ora_inizio": "10:00:00",
      "ora_fine": "11:00:00",
      "prenotazioni_attuali": 0,
      "max_prenotazioni": 2,
      "disponibile": true
    }
  },
  {
    "model": "prenotazioni.slotprenotazione",
    "pk": 322,
    "fields": {
      "data": "2025-08-22",
      "ora_inizio": "11:00:00",
      "ora_fine": "12:00:00",
      "prenotazioni_attuali": 0,
      "max_prenotazioni": 2,
      "disponibile": true
    }
  },
  {
    "model": "prenotazioni.slotprenotazione",
    "pk": 323,
    "fields": {
      "data": "2025-08-22",
      "ora_inizio": "12:00:00",
      "ora_fine": "13:00:00",
      "prenotazioni_attuali": 0,
      "max_prenotazioni": 2,
      "disponibile": true
    }
  },
  {
    "model": "prenotazioni.slotprenotazione",
    "pk": 324,
    "fields": {
      "data": "2025-08-22",
      "ora_inizio": "15:00:00",
      "ora_fine": "16:00:00",
      "prenotazioni_attuali": 0,
      "max_prenotazioni": 2,
      "disponibile": true
    }
  },
  {
    "model": "prenotazioni.slotprenotazione",
    "pk": 325,
    "fields": {
      "data": "2025-08-22",
      "ora_inizio": "16:00:00",
      "ora_fine": "17:00:00",
      "prenotazioni_attuali": 0,
      "max_prenotazioni": 2,
      "disponibile": true
    }
  },
  {
    "model": "prenotazioni.slotprenotazione",
    "pk": 326,
    "fields": {
      "data": "2025-08-22",
      "ora_inizio": "17:00:00",
      "ora_fine": "18:00:00",
      "prenotazioni_attuali": 0,
      "max_prenotazioni": 2,
      "disponibile": true
    }
  },
  {
    "model": "prenotazioni.slotprenotazione",
    "pk": 327,
    "fields": {
      "data": "2025-08-22",
      "ora_inizio": "18:00:00",
      "ora_fine": "19:00:00",
      "prenotazioni_attuali": 0,
      "max_prenotazioni": 2,
      "disponibile": true
    }
  },
  {
    "model": "prenotazioni.slotprenotazione",
    "pk": 328,
    "fields": {
      "data": "2025-08-23",
      "ora_inizio": "08:00:00",
      "ora_fine": "09:00:00",
      "prenotazioni_attuali": 0,
      "max_prenotazioni": 2,
      "disponibile": true
    }
  },
  {
    "model": "prenotazioni.slotprenotazione",
    "pk": 329,
    "fields": {
      "data": "2025-08-23",
      "ora_inizio": "09:00:00",
      "ora_fine": "10:00:00",
      "prenotazioni_attuali": 0,
      "max_prenotazioni": 2,
      "disponibile": true
    }
  },
  {
    "model": "prenotazioni.slotprenotazione",
    "pk": 330,
    "fields": {
      "data": "2025-08-23",
      "ora_inizio": "10:00:00",
      "ora_fine": "11:00:00",
      "prenotazioni_attuali": 0,
      "max_prenotazioni": 2,
      "disponibile": true
    }
  },
  {
    "model": "prenotazioni.slotprenotazione",
    "pk": 331,
    "fields": {
      "data": "2025-08-23",
      "ora_inizio": "11:00:00",
      "ora_fine": "12:00:00",
      "prenotazioni_attuali": 0,
      "max_prenotazioni": 2,
      "disponibile": true
    }
  },
  {
    "model": "prenotazioni.slotprenotazione",
    "pk": 332,
    "fields": {
      "data": "2025-08-23",
      "ora_inizio": "12:00:00",
      "ora_fine": "13:00:00",
      "prenotazioni_attuali": 0,
      "max_prenotazioni": 2,
      "disponibile": true
    }
  },
  {
    "model": "prenotazioni.slotprenotazione",
    "pk": 333,
    "fields": {
      "data": "2025-08-23",
      "ora_inizio": "15:00:00",
      "ora_fine": "16:00:00",
      "prenotazioni_attuali": 0,
      "max_prenotazioni": 2,
      "disponibile": true
    }
  },
  {
    "model": "prenotazioni.slotprenotazione",
    "pk": 334,
    "fields": {
      "data": "2025-08-23",
      "ora_inizio": "16:00:00",
      "ora_fine": "17:00:00",
      "prenotazioni_attuali": 0,
      "max_prenotazioni": 2,
      "disponibile": true
    }
  },
  {
    "model": "prenotazioni.slotprenotazione",
    "pk": 335,
    "fields": {
      "data": "2025-08-23",
      "ora_inizio": "17:00:00",
      "ora_fine": "18:00:00",
      "prenotazioni_attuali": 0,
      "max_prenotazioni": 2,
      "disponibile": true
    }
  },
  {
    "model": "prenotazioni.slotprenotazione",
    "pk": 336,
    "fields": {
      "data": "2025-08-23",
      "ora_inizio": "18:00:00",
      "ora_fine": "19:00:00",
      "prenotazioni_attuali": 0,
      "max_prenotazioni": 2,
      "disponibile": true
    }
  },
  {
    "model": "prenotazioni.slotprenotazione",
    "pk": 337,
    "fields": {
      "data": "2025-08-25",
      "ora_inizio": "08:00:00",
      "ora_fine": "09:00:00",
      "prenotazioni_attuali": 0,
      "max_prenotazioni": 2,
      "disponibile": true
    }
  },
  {
    "model": "prenotazioni.slotprenotazione",
    "pk": 338,
    "fields": {
      "data": "2025-08-25",
      "ora_inizio": "09:00:00",
      "ora_fine": "10:00:00",
      "prenotazioni_attuali": 0,
      "max_prenotazioni": 2,
      "disponibile": true
    }
  },
  {
    "model": "prenotazioni.slotprenotazione",
    "pk": 339,
    "fields": {
      "data": "2025-08-25",
      "ora_inizio": "10:00:00",
      "ora_fine": "11:00:00",
      "prenotazioni_attuali": 0,
      "max_prenotazioni": 2,
      "disponibile": true
    }
  },
  {
    "model": "prenotazioni.slotprenotazione",
    "pk": 340,
    "fields": {
      "data": "2025-08-25",
      "ora_inizio": "11:00:00",
      "ora_fine": "12:00:00",
      "prenotazioni_attuali": 0,
      "max_prenotazioni": 2,
      "disponibile": true
    }
  },
  {
    "model": "prenotazioni.slotprenotazione",
    "pk": 341,
    "fields": {
      "data": "2025-08-25",
      "ora_inizio": "12:00:00",
      "ora_fine": "13:00:00",
      "prenotazioni_attuali": 0,
      "max_prenotazioni": 2,
      "disponibile": true
    }
  },
  {
    "model": "prenotazioni.slotprenotazione",
    "pk": 342,
    "fields": {
      "data": "2025-08-25",
      "ora_inizio": "15:00:00",
      "ora_fine": "16:00:00",
      "prenotazioni_attuali": 0,
      "max_prenotazioni": 2,
      "disponibile": true
    }
  },
  {
    "model": "prenotazioni.slotprenotazione",
    "pk": 343,
    "fields": {
      "data": "2025-08-25",
      "ora_inizio": "16:00:00",
      "ora_fine": "17:00:00",
      "prenotazioni_attuali": 0,
      "max_prenotazioni": 2,
      "disponibile": true
    }
  },
  {
    "model": "prenotazioni.slotprenotazione",
    "pk": 344,
    "fields": {
      "data": "2025-08-25",
      "ora_inizio": "17:00:00",
      "ora_fine": "18:00:00",
      "prenotazioni_attuali": 0,
      "max_prenotazioni": 2,
      "disponibile": true
    }
  },
  {
    "model": "prenotazioni.slotprenotazione",
    "pk": 345,
    "fields": {
      "data": "2025-08-25",
      "ora_inizio": "18:00:00",
      "ora_fine": "19:00:00",
      "prenotazioni_attuali": 0,
      "max_prenotazioni": 2,
      "disponibile": true
    }
  },
  {
    "model": "prenotazioni.slotprenotazione",
    "pk": 346,
    "fields": {
      "data": "2025-08-26",
      "ora_inizio": "08:00:00",
      "ora_fine": "09:00:00",
      "prenotazioni_attuali": 0,
      "max_prenotazioni": 2,
      "disponibile": true
    }
  },
  {
    "model": "prenotazioni.slotprenotazione",
    "pk": 347,
    "fields": {
      "data": "2025-08-26",
      "ora_inizio": "09:00:00",
      "ora_fine": "10:00:00",
      "prenotazioni_attuali": 0,
      "max_prenotazioni": 2,
      "disponibile": true
    }
  },
  {
    "model": "prenotazioni.slotprenotazione",
    "pk": 348,
    "fields": {
      "data": "2025-08-26",
      "ora_inizio": "10:00:00",
      "ora_fine": "11:00:00",
      "prenotazioni_attuali": 0,
      "max_prenotazioni": 2,
      "disponibile": true
    }
  },
  {
    "model": "prenotazioni.slotprenotazione",
    "pk": 349,
    "fields": {
      "data": "2025-08-26",
      "ora_inizio": "11:00:00",
      "ora_fine": "12:00:00",
      "prenotazioni_attuali": 0,
      "max_prenotazioni": 2,
      "disponibile": true
    }
  },
  {
    "model": "prenotazioni.slotprenotazione",
    "pk": 350,
    "fields": {
      "data": "2025-08-26",
      "ora_inizio": "12:00:00",
      "ora_fine": "13:00:00",
      "prenotazioni_attuali": 0,
      "max_prenotazioni": 2,
      "disponibile": true
    }
  },
  {
    "model": "prenotazioni.slotprenotazione",
    "pk": 351,
    "fields": {
      "data": "2025-08-26",
      "ora_inizio": "15:00:00",
      "ora_fine": "16:00:00",
      "prenotazioni_attuali": 0,
      "max_prenotazioni": 2,
      "disponibile": true
    }
  },
  {
    "model": "prenotazioni.slotprenotazione",
    "pk": 352,
    "fields": {
      "data": "2025-08-26",
      "ora_inizio": "16:00:00",
      "ora_fine": "17:00:00",
      "prenotazioni_attuali": 0,
      "max_prenotazioni": 2,
      "disponibile": true
    }
  },
  {
    "model": "prenotazioni.slotprenotazione",
    "pk": 353,
    "fields": {
      "data": "2025-08-26",
      "ora_inizio": "17:00:00",
      "ora_fine": "18:00:00",
      "prenotazioni_attuali": 0,
      "max_prenotazioni": 2,
      "disponibile": true
    }
  },
  {
    "model": "prenotazioni.slotprenotazione",
    "pk": 354,
    "fields": {
      "data": "2025-08-26",
      "ora_inizio": "18:00:00",
      "ora_fine": "19:00:00",
      "prenotazioni_attuali": 0,
      "max_prenotazioni": 2,
      "disponibile": true
    }
  },
  {
    "model": "prenotazioni.slotprenotazione",
    "pk": 355,
    "fields": {
      "data": "2025-08-27",
      "ora_inizio": "08:00:00",
      "ora_fine": "09:00:00",
      "prenotazioni_attuali": 0,
      "max_prenotazioni": 2,
      "disponibile": true
    }
  },
  {
    "model": "prenotazioni.slotprenotazione",
    "pk": 356,
    "fields": {
      "data": "2025-08-27",
      "ora_inizio": "09:00:00",
      "ora_fine": "10:00:00",
      "prenotazioni_attuali": 0,
      "max_prenotazioni": 2,
      "disponibile": true
    }
  },
  {
    "model": "prenotazioni.slotprenotazione",
    "pk": 357,
    "fields": {
      "data": "2025-08-27",
      "ora_inizio": "10:00:00",
      "ora_fine": "11:00:00",
      "prenotazioni_attuali": 0,
      "max_prenotazioni": 2,
      "disponibile": true
    }
  },
  {
    "model": "prenotazioni.slotprenotazione",
    "pk": 358,
    "fields": {
      "data": "2025-08-27",
      "ora_inizio": "11:00:00",
      "ora_fine": "12:00:00",
      "prenotazioni_attuali": 0,
      "max_prenotazioni": 2,
      "disponibile": true
    }
  },
  {
    "model": "prenotazioni.slotprenotazione",
    "pk": 359,
    "fields": {
      "data": "2025-08-27",
      "ora_inizio": "12:00:00",
      "ora_fine": "13:00:00",
      "prenotazioni_attuali": 0,
      "max_prenotazioni": 2,
      "disponibile": true
    }
  },
  {
    "model": "prenotazioni.slotprenotazione",
    "pk": 360,
    "fields": {
      "data": "2025-08-27",
      "ora_inizio": "15:00:00",
      "ora_fine": "16:00:00",
      "prenotazioni_attuali": 0,
      "max_prenotazioni": 2,
      "disponibile": true
    }
  },
  {
    "model": "prenotazioni.slotprenotazione",
    "pk": 361,
    "fields": {
      "data": "2025-08-27",
      "ora_inizio": "16:00:00",
      "ora_fine": "17:00:00",
      "prenotazioni_attuali": 0,
      "max_prenotazioni": 2,
      "disponibile": true
    }
  },
  {
    "model": "prenotazioni.slotprenotazione",
    "pk": 362,
    "fields": {
      "data": "2025-08-27",
      "ora_inizio": "17:00:00",
      "ora_fine": "18:00:00",
      "prenotazioni_attuali": 0,
      "max_prenotazioni": 2,
      "disponibile": true
    }
  },
  {
    "model": "prenotazioni.slotprenotazione",
    "pk": 363,
    "fields": {
      "data": "2025-08-27",
      "ora_inizio": "18:00:00",
      "ora_fine": "19:00:00",
      "prenotazioni_attuali": 0,
      "max_prenotazioni": 2,
      "disponibile": true
    }
  },
  {
    "model": "prenotazioni.slotprenotazione",
    "pk": 364,
    "fields": {
      "data": "2025-08-28",
      "ora_inizio": "08:00:00",
      "ora_fine": "09:00:00",
      "prenotazioni_attuali": 0,
      "max_prenotazioni": 2,
      "disponibile": true
    }
  },
  {
    "model": "prenotazioni.slotprenotazione",
    "pk": 365,
    "fields": {
      "data": "2025-08-28",
      "ora_inizio": "09:00:00",
      "ora_fine": "10:00:00",
      "prenotazioni_attuali": 0,
      "max_prenotazioni": 2,
      "disponibile": true
    }
  },
  {
    "model": "prenotazioni.slotprenotazione",
    "pk": 366,
    "fields": {
      "data": "2025-08-28",
      "ora_inizio": "10:00:00",
      "ora_fine": "11:00:00",
      "prenotazioni_attuali": 0,
      "max_prenotazioni": 2,
      "disponibile": true
    }
  },
  {
    "model": "prenotazioni.slotprenotazione",
    "pk": 367,
    "fields": {
      "data": "2025-08-28",
      "ora_inizio": "11:00:00",
      "ora_fine": "12:00:00",
      "prenotazioni_attuali": 0,
      "max_prenotazioni": 2,
      "disponibile": true
    }
  },
  {
    "model": "prenotazioni.slotprenotazione",
    "pk": 368,
    "fields": {
      "data": "2025-08-28",
      "ora_inizio": "12:00:00",
      "ora_fine": "13:00:00",
      "prenotazioni_attuali": 0,
      "max_prenotazioni": 2,
      "disponibile": true
    }
  },
  {
    "model": "prenotazioni.slotprenotazione",
    "pk": 369,
    "fields": {
      "data": "2025-08-28",
      "ora_inizio": "15:00:00",
      "ora_fine": "16:00:00",
      "prenotazioni_attuali": 0,
      "max_prenotazioni": 2,
      "disponibile": true
    }
  },
  {
    "model": "prenotazioni.slotprenotazione",
    "pk": 370,
    "fields": {
      "data": "2025-08-28",
      "ora_inizio": "16:00:00",
      "ora_fine": "17:00:00",
      "prenotazioni_attuali": 0,
      "max_prenotazioni": 2,
      "disponibile": true
    }
  },
  {
    "model": "prenotazioni.slotprenotazione",
    "pk": 371,
    "fields": {
      "data": "2025-08-28",
      "ora_inizio": "17:00:00",
      "ora_fine": "18:00:00",
      "prenotazioni_attuali": 0,
      "max_prenotazioni": 2,
      "disponibile": true
    }
  },
  {
    "model": "prenotazioni.slotprenotazione",
    "pk": 372,
    "fields": {
      "data": "2025-08-28",
      "ora_inizio": "18:00:00",
      "ora_fine": "19:00:00",
      "prenotazioni_attuali": 0,
      "max_prenotazioni": 2,
      "disponibile": true
    }
  },
  {
    "model": "prenotazioni.slotprenotazione",
    "pk": 373,
    "fields": {
      "data": "2025-08-29",
      "ora_inizio": "08:00:00",
      "ora_fine": "09:00:00",
      "prenotazioni_attuali": 0,
      "max_prenotazioni": 2,
      "disponibile": true
    }
  },
  {
    "model": "prenotazioni.slotprenotazione",
    "pk": 374,
    "fields": {
      "data": "2025-08-29",
      "ora_inizio": "09:00:00",
      "ora_fine": "10:00:00",
      "prenotazioni_attuali": 0,
      "max_prenotazioni": 2,
      "disponibile": true
    }
  },
  {
    "model": "prenotazioni.slotprenotazione",
    "pk": 375,
    "fields": {
      "data": "2025-08-29",
      "ora_inizio": "10:00:00",
      "ora_fine": "11:00:00",
      "prenotazioni_attuali": 0,
      "max_prenotazioni": 2,
      "disponibile": true
    }
  },
  {
    "model": "prenotazioni.slotprenotazione",
    "pk": 376,
    "fields": {
      "data": "2025-08-29",
      "ora_inizio": "11:00:00",
      "ora_fine": "12:00:00",
      "prenotazioni_attuali": 0,
      "max_prenotazioni": 2,
      "disponibile": true
    }
  },
  {
    "model": "prenotazioni.slotprenotazione",
    "pk": 377,
    "fields": {
      "data": "2025-08-29",
      "ora_inizio": "12:00:00",
      "ora_fine": "13:00:00",
      "prenotazioni_attuali": 0,
      "max_prenotazioni": 2,
      "disponibile": true
    }
  },
  {
    "model": "prenotazioni.slotprenotazione",
    "pk": 378,
    "fields": {
      "data": "2025-08-29",
      "ora_inizio": "15:00:00",
      "ora_fine": "16:00:00",
      "prenotazioni_attuali": 0,
      "max_prenotazioni": 2,
      "disponibile": true
    }
  },
  {
    "model": "prenotazioni.slotprenotazione",
    "pk": 379,
    "fields": {
      "data": "2025-08-29",
      "ora_inizio": "16:00:00",
      "ora_fine": "17:00:00",
      "prenotazioni_attuali": 0,
      "max_prenotazioni": 2,
      "disponibile": true
    }
  },
  {
    "model": "prenotazioni.slotprenotazione",
    "pk": 380,
    "fields": {
      "data": "2025-08-29",
      "ora_inizio": "17:00:00",
      "ora_fine": "18:00:00",
      "prenotazioni_attuali": 0,
      "max_prenotazioni": 2,
      "disponibile": true
    }
  },
  {
    "model": "prenotazioni.slotprenotazione",
    "pk": 381,
    "fields": {
      "data": "2025-08-29",
      "ora_inizio": "18:00:00",
      "ora_fine": "19:00:00",
      "prenotazioni_attuali": 0,
      "max_prenotazioni": 2,
      "disponibile": true
    }
  },
  {
    "model": "prenotazioni.slotprenotazione",
    "pk": 382,
    "fields": {
      "data": "2025-08-30",
      "ora_inizio": "08:00:00",
      "ora_fine": "09:00:00",
      "prenotazioni_attuali": 0,
      "max_prenotazioni": 2,
      "disponibile": true
    }
  },
  {
    "model": "prenotazioni.slotprenotazione",
    "pk": 383,
    "fields": {
      "data": "2025-08-30",
      "ora_inizio": "09:00:00",
      "ora_fine": "10:00:00",
      "prenotazioni_attuali": 0,
      "max_prenotazioni": 2,
      "disponibile": true
    }
  },
  {
    "model": "prenotazioni.slotprenotazione",
    "pk": 384,
    "fields": {
      "data": "2025-08-30",
      "ora_inizio": "10:00:00",
      "ora_fine": "11:00:00",
      "prenotazioni_attuali": 0,
      "max_prenotazioni": 2,
      "disponibile": true
    }
  },
  {
    "model": "prenotazioni.slotprenotazione",
    "pk": 385,
    "fields": {
      "data": "2025-08-30",
      "ora_inizio": "11:00:00",
      "ora_fine": "12:00:00",
      "prenotazioni_attuali": 0,
      "max_prenotazioni": 2,
      "disponibile": true
    }
  },
  {
    "model": "prenotazioni.slotprenotazione",
    "pk": 386,
    "fields": {
      "data": "2025-08-30",
      "ora_inizio": "12:00:00",
      "ora_fine": "13:00:00",
      "prenotazioni_attuali": 1,
      "max_prenotazioni": 2,
      "disponibile": true
    }
  },
  {
    "model": "prenotazioni.slotprenotazione",
    "pk": 387,
    "fields": {
      "data": "2025-08-30",
      "ora_inizio": "15:00:00",
      "ora_fine": "16:00:00",
      "prenotazioni_attuali": 0,
      "max_prenotazioni": 2,
      "disponibile": true
    }
  },
  {
    "model": "prenotazioni.slotprenotazione",
    "pk": 388,
    "fields": {
      "data": "2025-08-30",
      "ora_inizio": "16:00:00",
      "ora_fine": "17:00:00",
      "prenotazioni_attuali": 0,
      "max_prenotazioni": 2,
      "disponibile": true
    }
  },
  {
    "model": "prenotazioni.slotprenotazione",
    "pk": 389,
    "fields": {
      "data": "2025-08-30",
      "ora_inizio": "17:00:00",
      "ora_fine": "18:00:00",
      "prenotazioni_attuali": 0,
      "max_prenotazioni": 2,
      "disponibile": true
    }
  },
  {
    "model": "prenotazioni.slotprenotazione",
    "pk": 390,
    "fields": {
      "data": "2025-08-30",
      "ora_inizio": "18:00:00",
      "ora_fine": "19:00:00",
      "prenotazioni_attuali": 0,
      "max_prenotazioni": 2,
      "disponibile": true
    }
  },
  {
    "model": "prenotazioni.prenotazione",
    "pk": 26,
    "fields": {
      "cliente": 29,
      "slot": 162,
      "durata_stimata_minuti": 40,
      "stato": "completata",
      "codice_prenotazione": "QZEWJ7SU",
      "ordine": 136,
      "nota_cliente": "",
      "nota_interna": "",
      "tipo_auto": "",
      "promemoria_inviato": false,
      "creata_il": "2025-07-25T05:24:21.039560+00:00",
      "aggiornata_il": "2025-07-25T13:02:23.438629+00:00",
      "servizi": [
        1
      ]
    }
  },
  {
    "model": "prenotazioni.prenotazione",
    "pk": 27,
    "fields": {
      "cliente": 30,
      "slot": 166,
      "durata_stimata_minuti": 40,
      "stato": "confermata",
      "codice_prenotazione": "QV7HEGPQ",
      "ordine": null,
      "nota_cliente": "",
      "nota_interna": "",
      "tipo_auto": "",
      "promemoria_inviato": false,
      "creata_il": "2025-07-25T06:45:25.807361+00:00",
      "aggiornata_il": "2025-07-25T06:45:25.807361+00:00",
      "servizi": [
        1
      ]
    }
  },
  {
    "model": "prenotazioni.prenotazione",
    "pk": 28,
    "fields": {
      "cliente": 31,
      "slot": 166,
      "durata_stimata_minuti": 40,
      "stato": "confermata",
      "codice_prenotazione": "61ZVZSDP",
      "ordine": null,
      "nota_cliente": "",
      "nota_interna": "",
      "tipo_auto": "",
      "promemoria_inviato": false,
      "creata_il": "2025-07-25T06:49:04.124153+00:00",
      "aggiornata_il": "2025-07-25T06:49:04.124153+00:00",
      "servizi": [
        1
      ]
    }
  },
  {
    "model": "prenotazioni.prenotazione",
    "pk": 29,
    "fields": {
      "cliente": 32,
      "slot": 167,
      "durata_stimata_minuti": 40,
      "stato": "confermata",
      "codice_prenotazione": "4HCI9BY9",
      "ordine": null,
      "nota_cliente": "",
      "nota_interna": "",
      "tipo_auto": "",
      "promemoria_inviato": false,
      "creata_il": "2025-07-25T06:51:38.410000+00:00",
      "aggiornata_il": "2025-07-25T06:51:38.410000+00:00",
      "servizi": [
        1
      ]
    }
  },
  {
    "model": "prenotazioni.prenotazione",
    "pk": 30,
    "fields": {
      "cliente": 45,
      "slot": 62,
      "durata_stimata_minuti": 40,
      "stato": "confermata",
      "codice_prenotazione": "RQERJ8T0",
      "ordine": null,
      "nota_cliente": "",
      "nota_interna": "",
      "tipo_auto": "MERCEDES CLASSE C",
      "promemoria_inviato": false,
      "creata_il": "2025-07-25T11:38:07.548336+00:00",
      "aggiornata_il": "2025-07-25T11:39:59.237275+00:00",
      "servizi": [
        1
      ]
    }
  }
]